{
  "$schema": "https://ui.shadcn.com/schema/registry-item.json",
  "name": "alert-dialog",
  "type": "registry:ui",
  "dependencies": [
    "@radix-ui/react-alert-dialog"
  ],
  "registryDependencies": [
    "button"
  ],
  "files": [
    {
      "path": "registry/creative-tim/ui/alert-dialog.tsx",
      "content": "\"use client\"\n\nimport * as React from \"react\"\nimport * as AlertDialogPrimitive from \"@radix-ui/react-alert-dialog\"\n\nimport { cn } from \"@/lib/utils\"\nimport { buttonVariants } from \"@/components/ui/button\"\n\nfunction AlertDialog({\n  ...props\n}: React.ComponentProps<typeof AlertDialogPrimitive.Root>) {\n  return <AlertDialogPrimitive.Root data-slot=\"alert-dialog\" {...props} />\n}\n\nfunction AlertDialogTrigger({\n  ...props\n}: React.ComponentProps<typeof AlertDialogPrimitive.Trigger>) {\n  return (\n    <AlertDialogPrimitive.Trigger data-slot=\"alert-dialog-trigger\" {...props} />\n  )\n}\n\nfunction AlertDialogPortal({\n  ...props\n}: React.ComponentProps<typeof AlertDialogPrimitive.Portal>) {\n  return (\n    <AlertDialogPrimitive.Portal data-slot=\"alert-dialog-portal\" {...props} />\n  )\n}\n\nfunction AlertDialogOverlay({\n  className,\n  ...props\n}: React.ComponentProps<typeof AlertDialogPrimitive.Overlay>) {\n  return (\n    <AlertDialogPrimitive.Overlay\n      data-slot=\"alert-dialog-overlay\"\n      className={cn(\n        \"data-[state=open]:animate-in data-[state=closed]:animate-out data-[state=closed]:fade-out-0 data-[state=open]:fade-in-0 fixed inset-0 z-50 bg-black/50\",\n        className\n      )}\n      {...props}\n    />\n  )\n}\n\nfunction AlertDialogContent({\n  className,\n  ...props\n}: React.ComponentProps<typeof AlertDialogPrimitive.Content>) {\n  return (\n    <AlertDialogPortal>\n      <AlertDialogOverlay />\n      <AlertDialogPrimitive.Content\n        data-slot=\"alert-dialog-content\"\n        className={cn(\n          \"bg-background data-[state=open]:animate-in data-[state=closed]:animate-out data-[state=closed]:fade-out-0 data-[state=open]:fade-in-0 data-[state=closed]:zoom-out-95 data-[state=open]:zoom-in-95 fixed top-[50%] left-[50%] z-50 grid w-full max-w-[calc(100%-2rem)] translate-x-[-50%] translate-y-[-50%] gap-4 rounded-lg border p-6 shadow-lg duration-200 sm:max-w-lg\",\n          className\n        )}\n        {...props}\n      />\n    </AlertDialogPortal>\n  )\n}\n\nfunction AlertDialogHeader({\n  className,\n  ...props\n}: React.ComponentProps<\"div\">) {\n  return (\n    <div\n      data-slot=\"alert-dialog-header\"\n      className={cn(\"flex flex-col gap-2 text-center sm:text-left\", className)}\n      {...props}\n    />\n  )\n}\n\nfunction AlertDialogFooter({\n  className,\n  ...props\n}: React.ComponentProps<\"div\">) {\n  return (\n    <div\n      data-slot=\"alert-dialog-footer\"\n      className={cn(\n        \"flex flex-col-reverse gap-2 sm:flex-row sm:justify-end\",\n        className\n      )}\n      {...props}\n    />\n  )\n}\n\nfunction AlertDialogTitle({\n  className,\n  ...props\n}: React.ComponentProps<typeof AlertDialogPrimitive.Title>) {\n  return (\n    <AlertDialogPrimitive.Title\n      data-slot=\"alert-dialog-title\"\n      className={cn(\"text-lg font-semibold\", className)}\n      {...props}\n    />\n  )\n}\n\nfunction AlertDialogDescription({\n  className,\n  ...props\n}: React.ComponentProps<typeof AlertDialogPrimitive.Description>) {\n  return (\n    <AlertDialogPrimitive.Description\n      data-slot=\"alert-dialog-description\"\n      className={cn(\"text-muted-foreground text-sm\", className)}\n      {...props}\n    />\n  )\n}\n\nfunction AlertDialogAction({\n  className,\n  ...props\n}: React.ComponentProps<typeof AlertDialogPrimitive.Action>) {\n  return (\n    <AlertDialogPrimitive.Action\n      className={cn(buttonVariants(), className)}\n      {...props}\n    />\n  )\n}\n\nfunction AlertDialogCancel({\n  className,\n  ...props\n}: React.ComponentProps<typeof AlertDialogPrimitive.Cancel>) {\n  return (\n    <AlertDialogPrimitive.Cancel\n      className={cn(buttonVariants({ variant: \"outline\" }), className)}\n      {...props}\n    />\n  )\n}\n\nexport {\n  AlertDialog,\n  AlertDialogPortal,\n  AlertDialogOverlay,\n  AlertDialogTrigger,\n  AlertDialogContent,\n  AlertDialogHeader,\n  AlertDialogFooter,\n  AlertDialogTitle,\n  AlertDialogDescription,\n  AlertDialogAction,\n  AlertDialogCancel,\n}\n",
      "type": "registry:ui"
    }
  ]
}