{
  "$schema": "https://ui.shadcn.com/schema/registry-item.json",
  "name": "aspect-ratio",
  "type": "registry:ui",
  "dependencies": [
    "@radix-ui/react-aspect-ratio"
  ],
  "files": [
    {
      "path": "registry/creative-tim/ui/aspect-ratio.tsx",
      "content": "\"use client\"\n\nimport * as AspectRatioPrimitive from \"@radix-ui/react-aspect-ratio\"\n\nfunction AspectRatio({\n  ...props\n}: React.ComponentProps<typeof AspectRatioPrimitive.Root>) {\n  return <AspectRatioPrimitive.Root data-slot=\"aspect-ratio\" {...props} />\n}\n\nexport { AspectRatio }\n",
      "type": "registry:ui"
    }
  ]
}