{
  "$schema": "https://ui.shadcn.com/schema/registry-item.json",
  "name": "avatar",
  "type": "registry:ui",
  "dependencies": [
    "@radix-ui/react-avatar"
  ],
  "files": [
    {
      "path": "registry/creative-tim/ui/avatar.tsx",
      "content": "\"use client\"\n\nimport * as React from \"react\"\nimport * as AvatarPrimitive from \"@radix-ui/react-avatar\"\n\nimport { cn } from \"@/lib/utils\"\n\nfunction Avatar({\n  className,\n  ...props\n}: React.ComponentProps<typeof AvatarPrimitive.Root>) {\n  return (\n    <AvatarPrimitive.Root\n      data-slot=\"avatar\"\n      className={cn(\n        \"relative flex size-8 shrink-0 overflow-hidden rounded-full\",\n        className\n      )}\n      {...props}\n    />\n  )\n}\n\nfunction AvatarImage({\n  className,\n  ...props\n}: React.ComponentProps<typeof AvatarPrimitive.Image>) {\n  return (\n    <AvatarPrimitive.Image\n      data-slot=\"avatar-image\"\n      className={cn(\"aspect-square size-full\", className)}\n      {...props}\n    />\n  )\n}\n\nfunction AvatarFallback({\n  className,\n  ...props\n}: React.ComponentProps<typeof AvatarPrimitive.Fallback>) {\n  return (\n    <AvatarPrimitive.Fallback\n      data-slot=\"avatar-fallback\"\n      className={cn(\n        \"bg-muted flex size-full items-center justify-center rounded-full\",\n        className\n      )}\n      {...props}\n    />\n  )\n}\n\nexport { Avatar, AvatarImage, AvatarFallback }\n",
      "type": "registry:ui"
    }
  ]
}