{
  "$schema": "https://ui.shadcn.com/schema/registry-item.json",
  "name": "calendar",
  "type": "registry:ui",
  "dependencies": [
    "react-day-picker",
    "date-fns"
  ],
  "registryDependencies": [
    "button"
  ],
  "files": [
    {
      "path": "registry/creative-tim/ui/calendar.tsx",
      "content": "\"use client\"\n\nimport * as React from \"react\"\nimport {\n  ChevronDownIcon,\n  ChevronLeftIcon,\n  ChevronRightIcon,\n} from \"lucide-react\"\nimport { DayButton, DayPicker, getDefaultClassNames } from \"react-day-picker\"\n\nimport { cn } from \"@/lib/utils\"\nimport { Button, buttonVariants } from \"@/components/ui/button\"\n\nfunction Calendar({\n  className,\n  classNames,\n  showOutsideDays = true,\n  captionLayout = \"label\",\n  buttonVariant = \"ghost\",\n  formatters,\n  components,\n  ...props\n}: React.ComponentProps<typeof DayPicker> & {\n  buttonVariant?: React.ComponentProps<typeof Button>[\"variant\"]\n}) {\n  const defaultClassNames = getDefaultClassNames()\n\n  return (\n    <DayPicker\n      showOutsideDays={showOutsideDays}\n      className={cn(\n        \"bg-background group/calendar p-3 [--cell-size:--spacing(8)] [[data-slot=card-content]_&]:bg-transparent [[data-slot=popover-content]_&]:bg-transparent\",\n        String.raw`rtl:**:[.rdp-button\\_next>svg]:rotate-180`,\n        String.raw`rtl:**:[.rdp-button\\_previous>svg]:rotate-180`,\n        className\n      )}\n      captionLayout={captionLayout}\n      formatters={{\n        formatMonthDropdown: (date) =>\n          date.toLocaleString(\"default\", { month: \"short\" }),\n        ...formatters,\n      }}\n      classNames={{\n        root: cn(\"w-fit\", defaultClassNames.root),\n        months: cn(\n          \"flex gap-4 flex-col md:flex-row relative\",\n          defaultClassNames.months\n        ),\n        month: cn(\"flex flex-col w-full gap-4\", defaultClassNames.month),\n        nav: cn(\n          \"flex items-center gap-1 w-full absolute top-0 inset-x-0 justify-between\",\n          defaultClassNames.nav\n        ),\n        button_previous: cn(\n          buttonVariants({ variant: buttonVariant }),\n          \"size-(--cell-size) aria-disabled:opacity-50 p-0 select-none\",\n          defaultClassNames.button_previous\n        ),\n        button_next: cn(\n          buttonVariants({ variant: buttonVariant }),\n          \"size-(--cell-size) aria-disabled:opacity-50 p-0 select-none\",\n          defaultClassNames.button_next\n        ),\n        month_caption: cn(\n          \"flex items-center justify-center h-(--cell-size) w-full px-(--cell-size)\",\n          defaultClassNames.month_caption\n        ),\n        dropdowns: cn(\n          \"w-full flex items-center text-sm font-medium justify-center h-(--cell-size) gap-1.5\",\n          defaultClassNames.dropdowns\n        ),\n        dropdown_root: cn(\n          \"relative has-focus:border-ring border border-input shadow-xs has-focus:ring-ring/50 has-focus:ring-[3px] rounded-md\",\n          defaultClassNames.dropdown_root\n        ),\n        dropdown: cn(\n          \"absolute bg-popover inset-0 opacity-0\",\n          defaultClassNames.dropdown\n        ),\n        caption_label: cn(\n          \"select-none font-medium\",\n          captionLayout === \"label\"\n            ? \"text-sm\"\n            : \"rounded-md pl-2 pr-1 flex items-center gap-1 text-sm h-8 [&>svg]:text-muted-foreground [&>svg]:size-3.5\",\n          defaultClassNames.caption_label\n        ),\n        table: \"w-full border-collapse\",\n        weekdays: cn(\"flex\", defaultClassNames.weekdays),\n        weekday: cn(\n          \"text-muted-foreground rounded-md flex-1 font-normal text-[0.8rem] select-none\",\n          defaultClassNames.weekday\n        ),\n        week: cn(\"flex w-full mt-2\", defaultClassNames.week),\n        week_number_header: cn(\n          \"select-none w-(--cell-size)\",\n          defaultClassNames.week_number_header\n        ),\n        week_number: cn(\n          \"text-[0.8rem] select-none text-muted-foreground\",\n          defaultClassNames.week_number\n        ),\n        day: cn(\n          \"relative w-full h-full p-0 text-center [&:first-child[data-selected=true]_button]:rounded-l-md [&:last-child[data-selected=true]_button]:rounded-r-md group/day aspect-square select-none\",\n          defaultClassNames.day\n        ),\n        range_start: cn(\n          \"rounded-l-md bg-accent\",\n          defaultClassNames.range_start\n        ),\n        range_middle: cn(\"rounded-none\", defaultClassNames.range_middle),\n        range_end: cn(\"rounded-r-md bg-accent\", defaultClassNames.range_end),\n        today: cn(\n          \"bg-accent text-accent-foreground rounded-md data-[selected=true]:rounded-none\",\n          defaultClassNames.today\n        ),\n        outside: cn(\n          \"text-muted-foreground aria-selected:text-muted-foreground\",\n          defaultClassNames.outside\n        ),\n        disabled: cn(\n          \"text-muted-foreground opacity-50\",\n          defaultClassNames.disabled\n        ),\n        hidden: cn(\"invisible\", defaultClassNames.hidden),\n        ...classNames,\n      }}\n      components={{\n        Root: ({ className, rootRef, ...props }) => {\n          return (\n            <div\n              data-slot=\"calendar\"\n              ref={rootRef}\n              className={cn(className)}\n              {...props}\n            />\n          )\n        },\n        Chevron: ({ className, orientation, ...props }) => {\n          if (orientation === \"left\") {\n            return (\n              <ChevronLeftIcon className={cn(\"size-4\", className)} {...props} />\n            )\n          }\n\n          if (orientation === \"right\") {\n            return (\n              <ChevronRightIcon\n                className={cn(\"size-4\", className)}\n                {...props}\n              />\n            )\n          }\n\n          return (\n            <ChevronDownIcon className={cn(\"size-4\", className)} {...props} />\n          )\n        },\n        DayButton: CalendarDayButton,\n        WeekNumber: ({ children, ...props }) => {\n          return (\n            <td {...props}>\n              <div className=\"flex size-(--cell-size) items-center justify-center text-center\">\n                {children}\n              </div>\n            </td>\n          )\n        },\n        ...components,\n      }}\n      {...props}\n    />\n  )\n}\n\nfunction CalendarDayButton({\n  className,\n  day,\n  modifiers,\n  ...props\n}: React.ComponentProps<typeof DayButton>) {\n  const defaultClassNames = getDefaultClassNames()\n\n  const ref = React.useRef<HTMLButtonElement>(null)\n  React.useEffect(() => {\n    if (modifiers.focused) ref.current?.focus()\n  }, [modifiers.focused])\n\n  return (\n    <Button\n      ref={ref}\n      variant=\"ghost\"\n      size=\"icon\"\n      data-day={day.date.toISOString().split(\"T\")[0]}\n      data-selected-single={\n        modifiers.selected &&\n        !modifiers.range_start &&\n        !modifiers.range_end &&\n        !modifiers.range_middle\n      }\n      data-range-start={modifiers.range_start}\n      data-range-end={modifiers.range_end}\n      data-range-middle={modifiers.range_middle}\n      className={cn(\n        \"data-[selected-single=true]:bg-primary data-[selected-single=true]:text-primary-foreground data-[range-middle=true]:bg-accent data-[range-middle=true]:text-accent-foreground data-[range-start=true]:bg-primary data-[range-start=true]:text-primary-foreground data-[range-end=true]:bg-primary data-[range-end=true]:text-primary-foreground group-data-[focused=true]/day:border-ring group-data-[focused=true]/day:ring-ring/50 dark:hover:text-accent-foreground flex aspect-square size-auto w-full min-w-(--cell-size) flex-col gap-1 leading-none font-normal group-data-[focused=true]/day:relative group-data-[focused=true]/day:z-10 group-data-[focused=true]/day:ring-[3px] data-[range-end=true]:rounded-md data-[range-end=true]:rounded-r-md data-[range-middle=true]:rounded-none data-[range-start=true]:rounded-md data-[range-start=true]:rounded-l-md [&>span]:text-xs [&>span]:opacity-70\",\n        defaultClassNames.day,\n        className\n      )}\n      {...props}\n    />\n  )\n}\n\nexport { Calendar, CalendarDayButton }\n",
      "type": "registry:ui"
    }
  ]
}