{
  "$schema": "https://ui.shadcn.com/schema/registry-item.json",
  "name": "card",
  "type": "registry:ui",
  "files": [
    {
      "path": "registry/creative-tim/ui/card.tsx",
      "content": "import * as React from \"react\"\n\nimport { cn } from \"@/lib/utils\"\n\nfunction Card({ className, ...props }: React.ComponentProps<\"div\">) {\n  return (\n    <div\n      data-slot=\"card\"\n      className={cn(\n        \"bg-card text-card-foreground flex flex-col rounded-xl border shadow-sm\",\n        className\n      )}\n      {...props}\n    />\n  )\n}\n\nfunction CardHeader({ className, ...props }: React.ComponentProps<\"div\">) {\n  return (\n    <div\n      data-slot=\"card-header\"\n      className={cn(\n        \"grid auto-rows-min grid-rows-[auto_auto] items-start gap-1.5 px-6 has-data-[slot=card-action]:grid-cols-[1fr_auto] [.border-b]:pb-6\",\n        className\n      )}\n      {...props}\n    />\n  )\n}\n\nfunction CardTitle({ className, ...props }: React.ComponentProps<\"div\">) {\n  return (\n    <div\n      data-slot=\"card-title\"\n      className={cn(\"leading-none font-semibold\", className)}\n      {...props}\n    />\n  )\n}\n\nfunction CardDescription({ className, ...props }: React.ComponentProps<\"div\">) {\n  return (\n    <div\n      data-slot=\"card-description\"\n      className={cn(\"text-muted-foreground text-sm\", className)}\n      {...props}\n    />\n  )\n}\n\nfunction CardAction({ className, ...props }: React.ComponentProps<\"div\">) {\n  return (\n    <div\n      data-slot=\"card-action\"\n      className={cn(\n        \"col-start-2 row-span-2 row-start-1 self-start justify-self-end\",\n        className\n      )}\n      {...props}\n    />\n  )\n}\n\nfunction CardContent({ className, ...props }: React.ComponentProps<\"div\">) {\n  return (\n    <div\n      data-slot=\"card-content\"\n      className={cn(\"px-6\", className)}\n      {...props}\n    />\n  )\n}\n\nfunction CardFooter({ className, ...props }: React.ComponentProps<\"div\">) {\n  return (\n    <div\n      data-slot=\"card-footer\"\n      className={cn(\"flex items-center px-6 [.border-t]:pt-6\", className)}\n      {...props}\n    />\n  )\n}\n\nexport {\n  Card,\n  CardHeader,\n  CardFooter,\n  CardTitle,\n  CardAction,\n  CardDescription,\n  CardContent,\n}\n",
      "type": "registry:ui"
    }
  ]
}