{
  "$schema": "https://ui.shadcn.com/schema/registry-item.json",
  "name": "command",
  "type": "registry:ui",
  "dependencies": [
    "cmdk"
  ],
  "registryDependencies": [
    "dialog"
  ],
  "files": [
    {
      "path": "registry/creative-tim/ui/command.tsx",
      "content": "\"use client\"\n\nimport * as React from \"react\"\nimport { Command as CommandPrimitive } from \"cmdk\"\nimport { SearchIcon } from \"lucide-react\"\n\nimport { cn } from \"@/lib/utils\"\nimport {\n  Dialog,\n  DialogContent,\n  DialogDescription,\n  DialogHeader,\n  DialogTitle,\n} from \"@/components/ui/dialog\"\n\nfunction Command({\n  className,\n  ...props\n}: React.ComponentProps<typeof CommandPrimitive>) {\n  return (\n    <CommandPrimitive\n      data-slot=\"command\"\n      className={cn(\n        \"bg-popover text-popover-foreground flex h-full w-full flex-col overflow-hidden rounded-md\",\n        className\n      )}\n      {...props}\n    />\n  )\n}\n\nfunction CommandDialog({\n  title = \"Command Palette\",\n  description = \"Search for a command to run...\",\n  children,\n  className,\n  showCloseButton = true,\n  ...props\n}: React.ComponentProps<typeof Dialog> & {\n  title?: string\n  description?: string\n  className?: string\n  showCloseButton?: boolean\n}) {\n  return (\n    <Dialog {...props}>\n      <DialogHeader className=\"sr-only\">\n        <DialogTitle>{title}</DialogTitle>\n        <DialogDescription>{description}</DialogDescription>\n      </DialogHeader>\n      <DialogContent\n        className={cn(\"overflow-hidden p-0\", className)}\n        showCloseButton={showCloseButton}\n      >\n        <Command className=\"[&_[cmdk-group-heading]]:text-muted-foreground **:data-[slot=command-input-wrapper]:h-12 [&_[cmdk-group-heading]]:px-2 [&_[cmdk-group-heading]]:font-medium [&_[cmdk-group]]:px-2 [&_[cmdk-group]:not([hidden])_~[cmdk-group]]:pt-0 [&_[cmdk-input-wrapper]_svg]:h-5 [&_[cmdk-input-wrapper]_svg]:w-5 [&_[cmdk-input]]:h-12 [&_[cmdk-item]]:px-2 [&_[cmdk-item]]:py-3 [&_[cmdk-item]_svg]:h-5 [&_[cmdk-item]_svg]:w-5\">\n          {children}\n        </Command>\n      </DialogContent>\n    </Dialog>\n  )\n}\n\nfunction CommandInput({\n  className,\n  ...props\n}: React.ComponentProps<typeof CommandPrimitive.Input>) {\n  return (\n    <div\n      data-slot=\"command-input-wrapper\"\n      className=\"flex h-9 items-center gap-2 border-b px-3\"\n    >\n      <SearchIcon className=\"size-4 shrink-0 opacity-50\" />\n      <CommandPrimitive.Input\n        data-slot=\"command-input\"\n        className={cn(\n          \"placeholder:text-muted-foreground flex h-10 w-full rounded-md bg-transparent py-3 text-sm outline-hidden disabled:cursor-not-allowed disabled:opacity-50\",\n          className\n        )}\n        {...props}\n      />\n    </div>\n  )\n}\n\nfunction CommandList({\n  className,\n  ...props\n}: React.ComponentProps<typeof CommandPrimitive.List>) {\n  return (\n    <CommandPrimitive.List\n      data-slot=\"command-list\"\n      className={cn(\n        \"max-h-[300px] scroll-py-1 overflow-x-hidden overflow-y-auto\",\n        className\n      )}\n      {...props}\n    />\n  )\n}\n\nfunction CommandEmpty({\n  ...props\n}: React.ComponentProps<typeof CommandPrimitive.Empty>) {\n  return (\n    <CommandPrimitive.Empty\n      data-slot=\"command-empty\"\n      className=\"py-6 text-center text-sm\"\n      {...props}\n    />\n  )\n}\n\nfunction CommandGroup({\n  className,\n  ...props\n}: React.ComponentProps<typeof CommandPrimitive.Group>) {\n  return (\n    <CommandPrimitive.Group\n      data-slot=\"command-group\"\n      className={cn(\n        \"text-foreground [&_[cmdk-group-heading]]:text-muted-foreground overflow-hidden p-1 [&_[cmdk-group-heading]]:px-2 [&_[cmdk-group-heading]]:py-1.5 [&_[cmdk-group-heading]]:text-xs [&_[cmdk-group-heading]]:font-medium\",\n        className\n      )}\n      {...props}\n    />\n  )\n}\n\nfunction CommandSeparator({\n  className,\n  ...props\n}: React.ComponentProps<typeof CommandPrimitive.Separator>) {\n  return (\n    <CommandPrimitive.Separator\n      data-slot=\"command-separator\"\n      className={cn(\"bg-border -mx-1 h-px\", className)}\n      {...props}\n    />\n  )\n}\n\nfunction CommandItem({\n  className,\n  ...props\n}: React.ComponentProps<typeof CommandPrimitive.Item>) {\n  return (\n    <CommandPrimitive.Item\n      data-slot=\"command-item\"\n      className={cn(\n        \"data-[selected=true]:bg-accent data-[selected=true]:text-accent-foreground [&_svg:not([class*='text-'])]:text-muted-foreground relative flex cursor-default items-center gap-2 rounded-sm px-2 py-1.5 text-sm outline-hidden select-none data-[disabled=true]:pointer-events-none data-[disabled=true]:opacity-50 [&_svg]:pointer-events-none [&_svg]:shrink-0 [&_svg:not([class*='size-'])]:size-4\",\n        className\n      )}\n      {...props}\n    />\n  )\n}\n\nfunction CommandShortcut({\n  className,\n  ...props\n}: React.ComponentProps<\"span\">) {\n  return (\n    <span\n      data-slot=\"command-shortcut\"\n      className={cn(\n        \"text-muted-foreground ml-auto text-xs tracking-widest\",\n        className\n      )}\n      {...props}\n    />\n  )\n}\n\nexport {\n  Command,\n  CommandDialog,\n  CommandInput,\n  CommandList,\n  CommandEmpty,\n  CommandGroup,\n  CommandItem,\n  CommandShortcut,\n  CommandSeparator,\n}\n",
      "type": "registry:ui"
    }
  ]
}