{
  "$schema": "https://ui.shadcn.com/schema/registry-item.json",
  "name": "context-menu",
  "type": "registry:ui",
  "dependencies": [
    "@radix-ui/react-context-menu"
  ],
  "files": [
    {
      "path": "registry/creative-tim/ui/context-menu.tsx",
      "content": "\"use client\"\n\nimport * as React from \"react\"\nimport * as ContextMenuPrimitive from \"@radix-ui/react-context-menu\"\nimport { CheckIcon, ChevronRightIcon, CircleIcon } from \"lucide-react\"\n\nimport { cn } from \"@/lib/utils\"\n\nfunction ContextMenu({\n  ...props\n}: React.ComponentProps<typeof ContextMenuPrimitive.Root>) {\n  return <ContextMenuPrimitive.Root data-slot=\"context-menu\" {...props} />\n}\n\nfunction ContextMenuTrigger({\n  ...props\n}: React.ComponentProps<typeof ContextMenuPrimitive.Trigger>) {\n  return (\n    <ContextMenuPrimitive.Trigger data-slot=\"context-menu-trigger\" {...props} />\n  )\n}\n\nfunction ContextMenuGroup({\n  ...props\n}: React.ComponentProps<typeof ContextMenuPrimitive.Group>) {\n  return (\n    <ContextMenuPrimitive.Group data-slot=\"context-menu-group\" {...props} />\n  )\n}\n\nfunction ContextMenuPortal({\n  ...props\n}: React.ComponentProps<typeof ContextMenuPrimitive.Portal>) {\n  return (\n    <ContextMenuPrimitive.Portal data-slot=\"context-menu-portal\" {...props} />\n  )\n}\n\nfunction ContextMenuSub({\n  ...props\n}: React.ComponentProps<typeof ContextMenuPrimitive.Sub>) {\n  return <ContextMenuPrimitive.Sub data-slot=\"context-menu-sub\" {...props} />\n}\n\nfunction ContextMenuRadioGroup({\n  ...props\n}: React.ComponentProps<typeof ContextMenuPrimitive.RadioGroup>) {\n  return (\n    <ContextMenuPrimitive.RadioGroup\n      data-slot=\"context-menu-radio-group\"\n      {...props}\n    />\n  )\n}\n\nfunction ContextMenuSubTrigger({\n  className,\n  inset,\n  children,\n  ...props\n}: React.ComponentProps<typeof ContextMenuPrimitive.SubTrigger> & {\n  inset?: boolean\n}) {\n  return (\n    <ContextMenuPrimitive.SubTrigger\n      data-slot=\"context-menu-sub-trigger\"\n      data-inset={inset}\n      className={cn(\n        \"focus:bg-accent focus:text-accent-foreground data-[state=open]:bg-accent data-[state=open]:text-accent-foreground flex cursor-default items-center rounded-sm px-2 py-1.5 text-sm outline-hidden select-none data-[inset]:pl-8 [&_svg]:pointer-events-none [&_svg]:shrink-0 [&_svg:not([class*='size-'])]:size-4\",\n        className\n      )}\n      {...props}\n    >\n      {children}\n      <ChevronRightIcon className=\"ml-auto\" />\n    </ContextMenuPrimitive.SubTrigger>\n  )\n}\n\nfunction ContextMenuSubContent({\n  className,\n  ...props\n}: React.ComponentProps<typeof ContextMenuPrimitive.SubContent>) {\n  return (\n    <ContextMenuPrimitive.SubContent\n      data-slot=\"context-menu-sub-content\"\n      className={cn(\n        \"bg-popover text-popover-foreground data-[state=open]:animate-in data-[state=closed]:animate-out data-[state=closed]:fade-out-0 data-[state=open]:fade-in-0 data-[state=closed]:zoom-out-95 data-[state=open]:zoom-in-95 data-[side=bottom]:slide-in-from-top-2 data-[side=left]:slide-in-from-right-2 data-[side=right]:slide-in-from-left-2 data-[side=top]:slide-in-from-bottom-2 z-50 min-w-[8rem] origin-(--radix-context-menu-content-transform-origin) overflow-hidden rounded-md border p-1 shadow-lg\",\n        className\n      )}\n      {...props}\n    />\n  )\n}\n\nfunction ContextMenuContent({\n  className,\n  ...props\n}: React.ComponentProps<typeof ContextMenuPrimitive.Content>) {\n  return (\n    <ContextMenuPrimitive.Portal>\n      <ContextMenuPrimitive.Content\n        data-slot=\"context-menu-content\"\n        className={cn(\n          \"bg-popover text-popover-foreground data-[state=open]:animate-in data-[state=closed]:animate-out data-[state=closed]:fade-out-0 data-[state=open]:fade-in-0 data-[state=closed]:zoom-out-95 data-[state=open]:zoom-in-95 data-[side=bottom]:slide-in-from-top-2 data-[side=left]:slide-in-from-right-2 data-[side=right]:slide-in-from-left-2 data-[side=top]:slide-in-from-bottom-2 z-50 max-h-(--radix-context-menu-content-available-height) min-w-[8rem] origin-(--radix-context-menu-content-transform-origin) overflow-x-hidden overflow-y-auto rounded-md border p-1 shadow-md\",\n          className\n        )}\n        {...props}\n      />\n    </ContextMenuPrimitive.Portal>\n  )\n}\n\nfunction ContextMenuItem({\n  className,\n  inset,\n  variant = \"default\",\n  ...props\n}: React.ComponentProps<typeof ContextMenuPrimitive.Item> & {\n  inset?: boolean\n  variant?: \"default\" | \"destructive\"\n}) {\n  return (\n    <ContextMenuPrimitive.Item\n      data-slot=\"context-menu-item\"\n      data-inset={inset}\n      data-variant={variant}\n      className={cn(\n        \"focus:bg-accent focus:text-accent-foreground data-[variant=destructive]:text-destructive data-[variant=destructive]:focus:bg-destructive/10 dark:data-[variant=destructive]:focus:bg-destructive/20 data-[variant=destructive]:focus:text-destructive data-[variant=destructive]:*:[svg]:!text-destructive [&_svg:not([class*='text-'])]:text-muted-foreground relative flex cursor-default items-center gap-2 rounded-sm px-2 py-1.5 text-sm outline-hidden select-none data-[disabled]:pointer-events-none data-[disabled]:opacity-50 data-[inset]:pl-8 [&_svg]:pointer-events-none [&_svg]:shrink-0 [&_svg:not([class*='size-'])]:size-4\",\n        className\n      )}\n      {...props}\n    />\n  )\n}\n\nfunction ContextMenuCheckboxItem({\n  className,\n  children,\n  checked,\n  ...props\n}: React.ComponentProps<typeof ContextMenuPrimitive.CheckboxItem>) {\n  return (\n    <ContextMenuPrimitive.CheckboxItem\n      data-slot=\"context-menu-checkbox-item\"\n      className={cn(\n        \"focus:bg-accent focus:text-accent-foreground relative flex cursor-default items-center gap-2 rounded-sm py-1.5 pr-2 pl-8 text-sm outline-hidden select-none data-[disabled]:pointer-events-none data-[disabled]:opacity-50 [&_svg]:pointer-events-none [&_svg]:shrink-0 [&_svg:not([class*='size-'])]:size-4\",\n        className\n      )}\n      checked={checked}\n      {...props}\n    >\n      <span className=\"pointer-events-none absolute left-2 flex size-3.5 items-center justify-center\">\n        <ContextMenuPrimitive.ItemIndicator>\n          <CheckIcon className=\"size-4\" />\n        </ContextMenuPrimitive.ItemIndicator>\n      </span>\n      {children}\n    </ContextMenuPrimitive.CheckboxItem>\n  )\n}\n\nfunction ContextMenuRadioItem({\n  className,\n  children,\n  ...props\n}: React.ComponentProps<typeof ContextMenuPrimitive.RadioItem>) {\n  return (\n    <ContextMenuPrimitive.RadioItem\n      data-slot=\"context-menu-radio-item\"\n      className={cn(\n        \"focus:bg-accent focus:text-accent-foreground relative flex cursor-default items-center gap-2 rounded-sm py-1.5 pr-2 pl-8 text-sm outline-hidden select-none data-[disabled]:pointer-events-none data-[disabled]:opacity-50 [&_svg]:pointer-events-none [&_svg]:shrink-0 [&_svg:not([class*='size-'])]:size-4\",\n        className\n      )}\n      {...props}\n    >\n      <span className=\"pointer-events-none absolute left-2 flex size-3.5 items-center justify-center\">\n        <ContextMenuPrimitive.ItemIndicator>\n          <CircleIcon className=\"size-2 fill-current\" />\n        </ContextMenuPrimitive.ItemIndicator>\n      </span>\n      {children}\n    </ContextMenuPrimitive.RadioItem>\n  )\n}\n\nfunction ContextMenuLabel({\n  className,\n  inset,\n  ...props\n}: React.ComponentProps<typeof ContextMenuPrimitive.Label> & {\n  inset?: boolean\n}) {\n  return (\n    <ContextMenuPrimitive.Label\n      data-slot=\"context-menu-label\"\n      data-inset={inset}\n      className={cn(\n        \"text-foreground px-2 py-1.5 text-sm font-medium data-[inset]:pl-8\",\n        className\n      )}\n      {...props}\n    />\n  )\n}\n\nfunction ContextMenuSeparator({\n  className,\n  ...props\n}: React.ComponentProps<typeof ContextMenuPrimitive.Separator>) {\n  return (\n    <ContextMenuPrimitive.Separator\n      data-slot=\"context-menu-separator\"\n      className={cn(\"bg-border -mx-1 my-1 h-px\", className)}\n      {...props}\n    />\n  )\n}\n\nfunction ContextMenuShortcut({\n  className,\n  ...props\n}: React.ComponentProps<\"span\">) {\n  return (\n    <span\n      data-slot=\"context-menu-shortcut\"\n      className={cn(\n        \"text-muted-foreground ml-auto text-xs tracking-widest\",\n        className\n      )}\n      {...props}\n    />\n  )\n}\n\nexport {\n  ContextMenu,\n  ContextMenuTrigger,\n  ContextMenuContent,\n  ContextMenuItem,\n  ContextMenuCheckboxItem,\n  ContextMenuRadioItem,\n  ContextMenuLabel,\n  ContextMenuSeparator,\n  ContextMenuShortcut,\n  ContextMenuGroup,\n  ContextMenuPortal,\n  ContextMenuSub,\n  ContextMenuSubContent,\n  ContextMenuSubTrigger,\n  ContextMenuRadioGroup,\n}\n",
      "type": "registry:ui"
    }
  ]
}