{
  "$schema": "https://ui.shadcn.com/schema/registry-item.json",
  "name": "cruds-02",
  "type": "registry:block",
  "description": "Update retail staff profile form",
  "registryDependencies": [
    "button",
    "card",
    "input",
    "label"
  ],
  "files": [
    {
      "path": "registry/creative-tim/blocks/cruds-02/page.tsx",
      "content": "\"use client\"\n\nimport { Button } from \"@/components/ui/button\"\nimport { Card } from \"@/components/ui/card\"\nimport { Input } from \"@/components/ui/input\"\nimport { Label } from \"@/components/ui/label\"\n\nexport default function Cruds02() {\n  return (\n    <section className=\"grid min-h-screen place-items-center py-16\">\n      <Card className=\"mx-auto w-full max-w-2xl p-6 lg:p-8\">\n        <div className=\"mb-6\">\n          <h3 className=\"text-2xl font-semibold\">\n            Update Retail Staff Profile\n          </h3>\n          <p className=\"text-muted-foreground mt-1 text-sm\">\n            Manage employee account credentials and contact information for\n            retail team members.\n          </p>\n        </div>\n        <form action=\"#\" className=\"space-y-6\">\n          <div className=\"space-y-2\">\n            <Label htmlFor=\"username\">Username</Label>\n            <Input\n              id=\"username\"\n              name=\"username\"\n              type=\"text\"\n              placeholder=\"e.g. elena.moreno\"\n            />\n          </div>\n\n          <div className=\"space-y-2\">\n            <Label htmlFor=\"email\">Work Email</Label>\n            <Input\n              id=\"email\"\n              name=\"email\"\n              type=\"email\"\n              placeholder=\"e.g. elena@fashionco.com\"\n            />\n          </div>\n\n          <div className=\"space-y-2\">\n            <Label htmlFor=\"password\">New Password</Label>\n            <Input id=\"password\" name=\"password\" type=\"password\" />\n          </div>\n\n          <div className=\"space-y-2\">\n            <Label htmlFor=\"confirmPassword\">Confirm Password</Label>\n            <Input\n              id=\"confirmPassword\"\n              name=\"confirmPassword\"\n              type=\"password\"\n            />\n          </div>\n\n          <Button type=\"submit\" className=\"w-full\">\n            Update Profile\n          </Button>\n        </form>\n      </Card>\n    </section>\n  )\n}\n",
      "type": "registry:page",
      "target": "app/cruds-02/page.tsx"
    }
  ],
  "meta": {
    "iframeHeight": "800px",
    "container": "w-full bg-surface min-h-svh flex px-4 py-12 items-center md:py-20 justify-center min-w-0",
    "mobile": "component"
  },
  "categories": [
    "cruds"
  ]
}