{
  "$schema": "https://ui.shadcn.com/schema/registry-item.json",
  "name": "dialog",
  "type": "registry:ui",
  "dependencies": [
    "@radix-ui/react-dialog"
  ],
  "files": [
    {
      "path": "registry/creative-tim/ui/dialog.tsx",
      "content": "\"use client\"\n\nimport * as React from \"react\"\nimport * as DialogPrimitive from \"@radix-ui/react-dialog\"\nimport { XIcon } from \"lucide-react\"\n\nimport { cn } from \"@/lib/utils\"\n\nfunction Dialog({\n  ...props\n}: React.ComponentProps<typeof DialogPrimitive.Root>) {\n  return <DialogPrimitive.Root data-slot=\"dialog\" {...props} />\n}\n\nfunction DialogTrigger({\n  ...props\n}: React.ComponentProps<typeof DialogPrimitive.Trigger>) {\n  return <DialogPrimitive.Trigger data-slot=\"dialog-trigger\" {...props} />\n}\n\nfunction DialogPortal({\n  ...props\n}: React.ComponentProps<typeof DialogPrimitive.Portal>) {\n  return <DialogPrimitive.Portal data-slot=\"dialog-portal\" {...props} />\n}\n\nfunction DialogClose({\n  ...props\n}: React.ComponentProps<typeof DialogPrimitive.Close>) {\n  return <DialogPrimitive.Close data-slot=\"dialog-close\" {...props} />\n}\n\nfunction DialogOverlay({\n  className,\n  ...props\n}: React.ComponentProps<typeof DialogPrimitive.Overlay>) {\n  return (\n    <DialogPrimitive.Overlay\n      data-slot=\"dialog-overlay\"\n      className={cn(\n        \"data-[state=open]:animate-in data-[state=closed]:animate-out data-[state=closed]:fade-out-0 data-[state=open]:fade-in-0 fixed inset-0 z-50 bg-black/50\",\n        className\n      )}\n      {...props}\n    />\n  )\n}\n\nfunction DialogContent({\n  className,\n  children,\n  showCloseButton = true,\n  ...props\n}: React.ComponentProps<typeof DialogPrimitive.Content> & {\n  showCloseButton?: boolean\n}) {\n  return (\n    <DialogPortal data-slot=\"dialog-portal\">\n      <DialogOverlay />\n      <DialogPrimitive.Content\n        data-slot=\"dialog-content\"\n        className={cn(\n          \"bg-background data-[state=open]:animate-in data-[state=closed]:animate-out data-[state=closed]:fade-out-0 data-[state=open]:fade-in-0 data-[state=closed]:zoom-out-95 data-[state=open]:zoom-in-95 fixed top-[50%] left-[50%] z-50 grid w-full max-w-[calc(100%-2rem)] translate-x-[-50%] translate-y-[-50%] gap-4 rounded-lg border p-6 shadow-lg duration-200 sm:max-w-lg\",\n          className\n        )}\n        {...props}\n      >\n        {children}\n        {showCloseButton && (\n          <DialogPrimitive.Close\n            data-slot=\"dialog-close\"\n            className=\"ring-offset-background focus:ring-ring data-[state=open]:bg-accent data-[state=open]:text-muted-foreground absolute top-4 right-4 rounded-xs opacity-70 transition-opacity hover:opacity-100 focus:ring-2 focus:ring-offset-2 focus:outline-hidden disabled:pointer-events-none [&_svg]:pointer-events-none [&_svg]:shrink-0 [&_svg:not([class*='size-'])]:size-4\"\n          >\n            <XIcon />\n            <span className=\"sr-only\">Close</span>\n          </DialogPrimitive.Close>\n        )}\n      </DialogPrimitive.Content>\n    </DialogPortal>\n  )\n}\n\nfunction DialogHeader({ className, ...props }: React.ComponentProps<\"div\">) {\n  return (\n    <div\n      data-slot=\"dialog-header\"\n      className={cn(\"flex flex-col gap-2 text-center sm:text-left\", className)}\n      {...props}\n    />\n  )\n}\n\nfunction DialogFooter({ className, ...props }: React.ComponentProps<\"div\">) {\n  return (\n    <div\n      data-slot=\"dialog-footer\"\n      className={cn(\n        \"flex flex-col-reverse gap-2 sm:flex-row sm:justify-end\",\n        className\n      )}\n      {...props}\n    />\n  )\n}\n\nfunction DialogTitle({\n  className,\n  ...props\n}: React.ComponentProps<typeof DialogPrimitive.Title>) {\n  return (\n    <DialogPrimitive.Title\n      data-slot=\"dialog-title\"\n      className={cn(\"text-lg leading-none font-semibold\", className)}\n      {...props}\n    />\n  )\n}\n\nfunction DialogDescription({\n  className,\n  ...props\n}: React.ComponentProps<typeof DialogPrimitive.Description>) {\n  return (\n    <DialogPrimitive.Description\n      data-slot=\"dialog-description\"\n      className={cn(\"text-muted-foreground text-sm\", className)}\n      {...props}\n    />\n  )\n}\n\nexport {\n  Dialog,\n  DialogClose,\n  DialogContent,\n  DialogDescription,\n  DialogFooter,\n  DialogHeader,\n  DialogOverlay,\n  DialogPortal,\n  DialogTitle,\n  DialogTrigger,\n}\n",
      "type": "registry:ui"
    }
  ]
}