{
  "$schema": "https://ui.shadcn.com/schema/registry-item.json",
  "name": "drawer",
  "type": "registry:ui",
  "dependencies": [
    "vaul"
  ],
  "files": [
    {
      "path": "registry/creative-tim/ui/drawer.tsx",
      "content": "\"use client\"\n\nimport * as React from \"react\"\nimport { Drawer as DrawerPrimitive } from \"vaul\"\n\nimport { cn } from \"@/lib/utils\"\n\nfunction Drawer({\n  ...props\n}: React.ComponentProps<typeof DrawerPrimitive.Root>) {\n  return <DrawerPrimitive.Root data-slot=\"drawer\" {...props} />\n}\n\nfunction DrawerTrigger({\n  ...props\n}: React.ComponentProps<typeof DrawerPrimitive.Trigger>) {\n  return <DrawerPrimitive.Trigger data-slot=\"drawer-trigger\" {...props} />\n}\n\nfunction DrawerPortal({\n  ...props\n}: React.ComponentProps<typeof DrawerPrimitive.Portal>) {\n  return <DrawerPrimitive.Portal data-slot=\"drawer-portal\" {...props} />\n}\n\nfunction DrawerClose({\n  ...props\n}: React.ComponentProps<typeof DrawerPrimitive.Close>) {\n  return <DrawerPrimitive.Close data-slot=\"drawer-close\" {...props} />\n}\n\nfunction DrawerOverlay({\n  className,\n  ...props\n}: React.ComponentProps<typeof DrawerPrimitive.Overlay>) {\n  return (\n    <DrawerPrimitive.Overlay\n      data-slot=\"drawer-overlay\"\n      className={cn(\n        \"data-[state=open]:animate-in data-[state=closed]:animate-out data-[state=closed]:fade-out-0 data-[state=open]:fade-in-0 fixed inset-0 z-50 bg-black/50\",\n        className\n      )}\n      {...props}\n    />\n  )\n}\n\nfunction DrawerContent({\n  className,\n  children,\n  ...props\n}: React.ComponentProps<typeof DrawerPrimitive.Content>) {\n  return (\n    <DrawerPortal data-slot=\"drawer-portal\">\n      <DrawerOverlay />\n      <DrawerPrimitive.Content\n        data-slot=\"drawer-content\"\n        className={cn(\n          \"group/drawer-content bg-background fixed z-50 flex h-auto flex-col\",\n          \"data-[vaul-drawer-direction=top]:inset-x-0 data-[vaul-drawer-direction=top]:top-0 data-[vaul-drawer-direction=top]:mb-24 data-[vaul-drawer-direction=top]:max-h-[80vh] data-[vaul-drawer-direction=top]:rounded-b-lg data-[vaul-drawer-direction=top]:border-b\",\n          \"data-[vaul-drawer-direction=bottom]:inset-x-0 data-[vaul-drawer-direction=bottom]:bottom-0 data-[vaul-drawer-direction=bottom]:mt-24 data-[vaul-drawer-direction=bottom]:max-h-[80vh] data-[vaul-drawer-direction=bottom]:rounded-t-lg data-[vaul-drawer-direction=bottom]:border-t\",\n          \"data-[vaul-drawer-direction=right]:inset-y-0 data-[vaul-drawer-direction=right]:right-0 data-[vaul-drawer-direction=right]:w-3/4 data-[vaul-drawer-direction=right]:border-l data-[vaul-drawer-direction=right]:sm:max-w-sm\",\n          \"data-[vaul-drawer-direction=left]:inset-y-0 data-[vaul-drawer-direction=left]:left-0 data-[vaul-drawer-direction=left]:w-3/4 data-[vaul-drawer-direction=left]:border-r data-[vaul-drawer-direction=left]:sm:max-w-sm\",\n          className\n        )}\n        {...props}\n      >\n        <div className=\"bg-muted mx-auto mt-4 hidden h-2 w-[100px] shrink-0 rounded-full group-data-[vaul-drawer-direction=bottom]/drawer-content:block\" />\n        {children}\n      </DrawerPrimitive.Content>\n    </DrawerPortal>\n  )\n}\n\nfunction DrawerHeader({ className, ...props }: React.ComponentProps<\"div\">) {\n  return (\n    <div\n      data-slot=\"drawer-header\"\n      className={cn(\n        \"flex flex-col gap-0.5 p-4 group-data-[vaul-drawer-direction=bottom]/drawer-content:text-center group-data-[vaul-drawer-direction=top]/drawer-content:text-center md:gap-1.5 md:text-left\",\n        className\n      )}\n      {...props}\n    />\n  )\n}\n\nfunction DrawerFooter({ className, ...props }: React.ComponentProps<\"div\">) {\n  return (\n    <div\n      data-slot=\"drawer-footer\"\n      className={cn(\"mt-auto flex flex-col gap-2 p-4\", className)}\n      {...props}\n    />\n  )\n}\n\nfunction DrawerTitle({\n  className,\n  ...props\n}: React.ComponentProps<typeof DrawerPrimitive.Title>) {\n  return (\n    <DrawerPrimitive.Title\n      data-slot=\"drawer-title\"\n      className={cn(\"text-foreground font-semibold\", className)}\n      {...props}\n    />\n  )\n}\n\nfunction DrawerDescription({\n  className,\n  ...props\n}: React.ComponentProps<typeof DrawerPrimitive.Description>) {\n  return (\n    <DrawerPrimitive.Description\n      data-slot=\"drawer-description\"\n      className={cn(\"text-muted-foreground text-sm\", className)}\n      {...props}\n    />\n  )\n}\n\nexport {\n  Drawer,\n  DrawerPortal,\n  DrawerOverlay,\n  DrawerTrigger,\n  DrawerClose,\n  DrawerContent,\n  DrawerHeader,\n  DrawerFooter,\n  DrawerTitle,\n  DrawerDescription,\n}\n",
      "type": "registry:ui"
    }
  ]
}