{
  "$schema": "https://ui.shadcn.com/schema/registry-item.json",
  "name": "dropdown-menu",
  "type": "registry:ui",
  "dependencies": [
    "@radix-ui/react-dropdown-menu"
  ],
  "files": [
    {
      "path": "registry/creative-tim/ui/dropdown-menu.tsx",
      "content": "\"use client\"\n\nimport * as React from \"react\"\nimport * as DropdownMenuPrimitive from \"@radix-ui/react-dropdown-menu\"\nimport { CheckIcon, ChevronRightIcon, CircleIcon } from \"lucide-react\"\n\nimport { cn } from \"@/lib/utils\"\n\nfunction DropdownMenu({\n  ...props\n}: React.ComponentProps<typeof DropdownMenuPrimitive.Root>) {\n  return <DropdownMenuPrimitive.Root data-slot=\"dropdown-menu\" {...props} />\n}\n\nfunction DropdownMenuPortal({\n  ...props\n}: React.ComponentProps<typeof DropdownMenuPrimitive.Portal>) {\n  return (\n    <DropdownMenuPrimitive.Portal data-slot=\"dropdown-menu-portal\" {...props} />\n  )\n}\n\nfunction DropdownMenuTrigger({\n  ...props\n}: React.ComponentProps<typeof DropdownMenuPrimitive.Trigger>) {\n  return (\n    <DropdownMenuPrimitive.Trigger\n      data-slot=\"dropdown-menu-trigger\"\n      {...props}\n    />\n  )\n}\n\nfunction DropdownMenuContent({\n  className,\n  sideOffset = 4,\n  ...props\n}: React.ComponentProps<typeof DropdownMenuPrimitive.Content>) {\n  return (\n    <DropdownMenuPrimitive.Portal>\n      <DropdownMenuPrimitive.Content\n        data-slot=\"dropdown-menu-content\"\n        sideOffset={sideOffset}\n        className={cn(\n          \"bg-popover text-popover-foreground data-[state=open]:animate-in data-[state=closed]:animate-out data-[state=closed]:fade-out-0 data-[state=open]:fade-in-0 data-[state=closed]:zoom-out-95 data-[state=open]:zoom-in-95 data-[side=bottom]:slide-in-from-top-2 data-[side=left]:slide-in-from-right-2 data-[side=right]:slide-in-from-left-2 data-[side=top]:slide-in-from-bottom-2 z-50 max-h-(--radix-dropdown-menu-content-available-height) min-w-[8rem] origin-(--radix-dropdown-menu-content-transform-origin) overflow-x-hidden overflow-y-auto rounded-md border p-1 shadow-md\",\n          className\n        )}\n        {...props}\n      />\n    </DropdownMenuPrimitive.Portal>\n  )\n}\n\nfunction DropdownMenuGroup({\n  ...props\n}: React.ComponentProps<typeof DropdownMenuPrimitive.Group>) {\n  return (\n    <DropdownMenuPrimitive.Group data-slot=\"dropdown-menu-group\" {...props} />\n  )\n}\n\nfunction DropdownMenuItem({\n  className,\n  inset,\n  variant = \"default\",\n  ...props\n}: React.ComponentProps<typeof DropdownMenuPrimitive.Item> & {\n  inset?: boolean\n  variant?: \"default\" | \"destructive\"\n}) {\n  return (\n    <DropdownMenuPrimitive.Item\n      data-slot=\"dropdown-menu-item\"\n      data-inset={inset}\n      data-variant={variant}\n      className={cn(\n        \"focus:bg-accent focus:text-accent-foreground data-[variant=destructive]:text-destructive data-[variant=destructive]:focus:bg-destructive/10 dark:data-[variant=destructive]:focus:bg-destructive/20 data-[variant=destructive]:focus:text-destructive data-[variant=destructive]:*:[svg]:!text-destructive [&_svg:not([class*='text-'])]:text-muted-foreground relative flex cursor-default items-center gap-2 rounded-sm px-2 py-1.5 text-sm outline-hidden select-none data-[disabled]:pointer-events-none data-[disabled]:opacity-50 data-[inset]:pl-8 [&_svg]:pointer-events-none [&_svg]:shrink-0 [&_svg:not([class*='size-'])]:size-4\",\n        className\n      )}\n      {...props}\n    />\n  )\n}\n\nfunction DropdownMenuCheckboxItem({\n  className,\n  children,\n  checked,\n  ...props\n}: React.ComponentProps<typeof DropdownMenuPrimitive.CheckboxItem>) {\n  return (\n    <DropdownMenuPrimitive.CheckboxItem\n      data-slot=\"dropdown-menu-checkbox-item\"\n      className={cn(\n        \"focus:bg-accent focus:text-accent-foreground relative flex cursor-default items-center gap-2 rounded-sm py-1.5 pr-2 pl-8 text-sm outline-hidden select-none data-[disabled]:pointer-events-none data-[disabled]:opacity-50 [&_svg]:pointer-events-none [&_svg]:shrink-0 [&_svg:not([class*='size-'])]:size-4\",\n        className\n      )}\n      checked={checked}\n      {...props}\n    >\n      <span className=\"pointer-events-none absolute left-2 flex size-3.5 items-center justify-center\">\n        <DropdownMenuPrimitive.ItemIndicator>\n          <CheckIcon className=\"size-4\" />\n        </DropdownMenuPrimitive.ItemIndicator>\n      </span>\n      {children}\n    </DropdownMenuPrimitive.CheckboxItem>\n  )\n}\n\nfunction DropdownMenuRadioGroup({\n  ...props\n}: React.ComponentProps<typeof DropdownMenuPrimitive.RadioGroup>) {\n  return (\n    <DropdownMenuPrimitive.RadioGroup\n      data-slot=\"dropdown-menu-radio-group\"\n      {...props}\n    />\n  )\n}\n\nfunction DropdownMenuRadioItem({\n  className,\n  children,\n  ...props\n}: React.ComponentProps<typeof DropdownMenuPrimitive.RadioItem>) {\n  return (\n    <DropdownMenuPrimitive.RadioItem\n      data-slot=\"dropdown-menu-radio-item\"\n      className={cn(\n        \"focus:bg-accent focus:text-accent-foreground relative flex cursor-default items-center gap-2 rounded-sm py-1.5 pr-2 pl-8 text-sm outline-hidden select-none data-[disabled]:pointer-events-none data-[disabled]:opacity-50 [&_svg]:pointer-events-none [&_svg]:shrink-0 [&_svg:not([class*='size-'])]:size-4\",\n        className\n      )}\n      {...props}\n    >\n      <span className=\"pointer-events-none absolute left-2 flex size-3.5 items-center justify-center\">\n        <DropdownMenuPrimitive.ItemIndicator>\n          <CircleIcon className=\"size-2 fill-current\" />\n        </DropdownMenuPrimitive.ItemIndicator>\n      </span>\n      {children}\n    </DropdownMenuPrimitive.RadioItem>\n  )\n}\n\nfunction DropdownMenuLabel({\n  className,\n  inset,\n  ...props\n}: React.ComponentProps<typeof DropdownMenuPrimitive.Label> & {\n  inset?: boolean\n}) {\n  return (\n    <DropdownMenuPrimitive.Label\n      data-slot=\"dropdown-menu-label\"\n      data-inset={inset}\n      className={cn(\n        \"px-2 py-1.5 text-sm font-medium data-[inset]:pl-8\",\n        className\n      )}\n      {...props}\n    />\n  )\n}\n\nfunction DropdownMenuSeparator({\n  className,\n  ...props\n}: React.ComponentProps<typeof DropdownMenuPrimitive.Separator>) {\n  return (\n    <DropdownMenuPrimitive.Separator\n      data-slot=\"dropdown-menu-separator\"\n      className={cn(\"bg-border -mx-1 my-1 h-px\", className)}\n      {...props}\n    />\n  )\n}\n\nfunction DropdownMenuShortcut({\n  className,\n  ...props\n}: React.ComponentProps<\"span\">) {\n  return (\n    <span\n      data-slot=\"dropdown-menu-shortcut\"\n      className={cn(\n        \"text-muted-foreground ml-auto text-xs tracking-widest\",\n        className\n      )}\n      {...props}\n    />\n  )\n}\n\nfunction DropdownMenuSub({\n  ...props\n}: React.ComponentProps<typeof DropdownMenuPrimitive.Sub>) {\n  return <DropdownMenuPrimitive.Sub data-slot=\"dropdown-menu-sub\" {...props} />\n}\n\nfunction DropdownMenuSubTrigger({\n  className,\n  inset,\n  children,\n  ...props\n}: React.ComponentProps<typeof DropdownMenuPrimitive.SubTrigger> & {\n  inset?: boolean\n}) {\n  return (\n    <DropdownMenuPrimitive.SubTrigger\n      data-slot=\"dropdown-menu-sub-trigger\"\n      data-inset={inset}\n      className={cn(\n        \"focus:bg-accent focus:text-accent-foreground data-[state=open]:bg-accent data-[state=open]:text-accent-foreground flex cursor-default items-center rounded-sm px-2 py-1.5 text-sm outline-hidden select-none data-[inset]:pl-8\",\n        className\n      )}\n      {...props}\n    >\n      {children}\n      <ChevronRightIcon className=\"ml-auto size-4\" />\n    </DropdownMenuPrimitive.SubTrigger>\n  )\n}\n\nfunction DropdownMenuSubContent({\n  className,\n  ...props\n}: React.ComponentProps<typeof DropdownMenuPrimitive.SubContent>) {\n  return (\n    <DropdownMenuPrimitive.SubContent\n      data-slot=\"dropdown-menu-sub-content\"\n      className={cn(\n        \"bg-popover text-popover-foreground data-[state=open]:animate-in data-[state=closed]:animate-out data-[state=closed]:fade-out-0 data-[state=open]:fade-in-0 data-[state=closed]:zoom-out-95 data-[state=open]:zoom-in-95 data-[side=bottom]:slide-in-from-top-2 data-[side=left]:slide-in-from-right-2 data-[side=right]:slide-in-from-left-2 data-[side=top]:slide-in-from-bottom-2 z-50 min-w-[8rem] origin-(--radix-dropdown-menu-content-transform-origin) overflow-hidden rounded-md border p-1 shadow-lg\",\n        className\n      )}\n      {...props}\n    />\n  )\n}\n\nexport {\n  DropdownMenu,\n  DropdownMenuPortal,\n  DropdownMenuTrigger,\n  DropdownMenuContent,\n  DropdownMenuGroup,\n  DropdownMenuLabel,\n  DropdownMenuItem,\n  DropdownMenuCheckboxItem,\n  DropdownMenuRadioGroup,\n  DropdownMenuRadioItem,\n  DropdownMenuSeparator,\n  DropdownMenuShortcut,\n  DropdownMenuSub,\n  DropdownMenuSubTrigger,\n  DropdownMenuSubContent,\n}\n",
      "type": "registry:ui"
    }
  ]
}