{
  "$schema": "https://ui.shadcn.com/schema/registry-item.json",
  "name": "empty-shopping-cart-01",
  "type": "registry:block",
  "description": "Empty shopping cart state",
  "registryDependencies": [
    "button"
  ],
  "files": [
    {
      "path": "registry/creative-tim/blocks/empty-shopping-cart-01/page.tsx",
      "content": "\"use client\"\n\nimport { Button } from \"@/components/ui/button\"\n\nexport default function EmptyShoppingCart01() {\n  return (\n    <section className=\"grid min-h-screen place-items-center justify-center\">\n      <div className=\"container mx-auto py-16\">\n        <div className=\"text-center\">\n          <p className=\"text-primary font-semibold\">Store</p>\n          <h2 className=\"mt-4 text-2xl font-bold\">\n            Your Shopping Cart is Empty\n          </h2>\n          <img\n            src=\"https://v3.material-tailwind.com/cart-illustration.png\"\n            alt=\"Empty cart\"\n            className=\"mx-auto my-8 max-h-[30rem]\"\n          />\n          <Button>Back to Store</Button>\n        </div>\n      </div>\n    </section>\n  )\n}\n",
      "type": "registry:page",
      "target": "app/empty-shopping-cart/page.tsx"
    }
  ],
  "meta": {
    "iframeHeight": "800px",
    "container": "w-full bg-surface min-h-svh flex px-4 py-12 items-center md:py-20 justify-center min-w-0",
    "mobile": "component"
  },
  "categories": [
    "ecommerce"
  ]
}