{
  "$schema": "https://ui.shadcn.com/schema/registry-item.json",
  "name": "faqs-list-01",
  "type": "registry:block",
  "description": "FAQ list with accordion",
  "registryDependencies": [
    "accordion"
  ],
  "files": [
    {
      "path": "registry/creative-tim/blocks/faqs-list-01/page.tsx",
      "content": "import {\n  Accordion,\n  AccordionContent,\n  AccordionItem,\n  AccordionTrigger,\n} from \"@/components/ui/accordion\"\n\nconst DATA = [\n  {\n    value: \"one\",\n    title: \"How do I order?\",\n    desc: \"We're not always in the position that we want to be at. We're constantly growing. We're constantly making mistakes. We're constantly trying to express ourselves and actualize our dreams. If you have the opportunity to play this game of life you need to appreciate every moment. A lot of people don't appreciate the moment until it's passed.\",\n  },\n  {\n    value: \"two\",\n    title: \"How can i make the payment?\",\n    desc: \"It really matters and then like it really doesn't matter. What matters is the people who are sparked by it. And the people who are like offended by it, it doesn't matter. Because it's about motivating the doers. Because I'm here to follow my dreams and inspire other people to follow their dreams, too. We're not always in the position that we want to be at. We're constantly growing. We're constantly making mistakes. We're constantly trying to express ourselves and actualize our dreams. If you have the opportunity to play this game of life you need to appreciate every moment. A lot of people don't appreciate the moment until it's passed.\",\n  },\n  {\n    value: \"three\",\n    title: \"How much time does it take to receive the order?\",\n    desc: \"The time is now for it to be okay to be great. People in this world shun people for being great. For being a bright color. For standing out. But the time is now to be okay to be the greatest you. Would you believe in what you believe in, if you were the only one who believed it? If everything I did failed - which it doesn't, it actually succeeds - just the fact that I'm willing to fail is an inspiration. People are so scared to lose that they don't even try. Like, one thing people can't say is that I'm not trying, and I'm not trying my hardest, and I'm not trying to do the best way I know how.\",\n  },\n  {\n    value: \"four\",\n    title: \"Can I resell the products?\",\n    desc: \"I always felt like I could do anything. That's the main thing people are controlled by! Thoughts- their perception of themselves! They're slowed down by their perception of themselves. If you're taught you can't do anything, you won't do anything. I was taught I could do everything. If everything I did failed - which it doesn't, it actually succeeds - just the fact that I'm willing to fail is an inspiration. People are so scared to lose that they don't even try. Like, one thing people can't say is that I'm not trying, and I'm not trying my hardest, and I'm not trying to do the best way I know how.\",\n  },\n  {\n    value: \"five\",\n    title: \"Where do I find the shipping details?\",\n    desc: \"There's nothing I really wanted to do in life that I wasn't able to get good at. That's my skill. I'm not really specifically talented at anything except for the ability to learn. That's what I do. That's what I'm here for. Don't be afraid to be wrong because you can't learn anything from a compliment. I always felt like I could do anything. That's the main thing people are controlled by! Thoughts- their perception of themselves! They're slowed down by their perception of themselves. If you're taught you can't do anything, you won't do anything. I was taught I could do everything.\",\n  },\n]\n\nexport default function FaqsList01() {\n  return (\n    <section className=\"px-6 py-16\">\n      <div className=\"mx-auto max-w-3xl\">\n        <div className=\"mb-20 text-center\">\n          <h2 className=\"mb-4 text-3xl font-bold\">\n            Frequently asked questions\n          </h2>\n          <p className=\"text-muted-foreground mx-auto max-w-2xl text-lg\">\n            A lot of people don&apos;t appreciate the moment until it&apos;s\n            passed. I&apos;m not trying my hardest, and I&apos;m not trying to\n            do\n          </p>\n        </div>\n        <Accordion type=\"single\" collapsible>\n          {DATA.map(({ title, desc, value }, key) => (\n            <AccordionItem key={key} value={value}>\n              <AccordionTrigger>\n                <h3 className=\"text-lg font-semibold\">{title}</h3>\n              </AccordionTrigger>\n              <AccordionContent className=\"text-muted-foreground leading-relaxed\">\n                {desc}\n              </AccordionContent>\n            </AccordionItem>\n          ))}\n        </Accordion>\n      </div>\n    </section>\n  )\n}\n",
      "type": "registry:page",
      "target": "app/faqs-list/page.tsx"
    }
  ],
  "meta": {
    "iframeHeight": "900px",
    "container": "w-full bg-surface min-h-svh flex px-4 py-12 items-center md:py-20 justify-center min-w-0",
    "mobile": "component"
  },
  "categories": [
    "faqs"
  ]
}