{
  "$schema": "https://ui.shadcn.com/schema/registry-item.json",
  "name": "footers-10",
  "type": "registry:block",
  "description": "Footer with page links",
  "registryDependencies": [],
  "files": [
    {
      "path": "registry/creative-tim/blocks/footers-10/page.tsx",
      "content": "\"use client\"\n\nconst YEAR = new Date().getFullYear()\n\nconst LINKS = [\n  { title: \"Company\", href: \"#\" },\n  { title: \"About Us\", href: \"#\" },\n  { title: \"Team\", href: \"#\" },\n  { title: \"Products\", href: \"#\" },\n  { title: \"Blogs\", href: \"#\" },\n  { title: \"Pricing\", href: \"#\" },\n]\n\nexport default function Footers10() {\n  return (\n    <footer className=\"pt-16 pb-8\">\n      <div className=\"container mx-auto grid place-items-center\">\n        <ul className=\"mb-10 flex flex-wrap items-center justify-center gap-x-6 gap-y-2\">\n          {LINKS.map(({ title, href }, key) => (\n            <li key={key}>\n              <a\n                href={href}\n                className=\"text-foreground hover:text-primary font-semibold\"\n              >\n                {title}\n              </a>\n            </li>\n          ))}\n        </ul>\n        <p className=\"text-foreground\">Copyright &copy; {YEAR} Creative Tim</p>\n      </div>\n    </footer>\n  )\n}\n",
      "type": "registry:page",
      "target": "app/footers-10/page.tsx"
    }
  ],
  "meta": {
    "iframeHeight": "350px",
    "container": "w-full bg-surface",
    "mobile": "component"
  },
  "categories": [
    "footers"
  ]
}