{
  "$schema": "https://ui.shadcn.com/schema/registry-item.json",
  "name": "footers-06",
  "type": "registry:block",
  "description": "Advanced light footer",
  "registryDependencies": [
    "button"
  ],
  "files": [
    {
      "path": "registry/creative-tim/blocks/footers-06/page.tsx",
      "content": "\"use client\"\n\nimport { Github, Instagram, Twitter, Youtube } from \"lucide-react\"\n\nimport { Button } from \"@/components/ui/button\"\n\nconst LINKS = [\n  {\n    title: \"Company\",\n    items: [\n      { title: \"About Us\", href: \"#\" },\n      { title: \"Careers\", href: \"#\" },\n      { title: \"Premium Tools\", href: \"#\" },\n      { title: \"Blogs\", href: \"#\" },\n    ],\n  },\n  {\n    title: \"Pages\",\n    items: [\n      { title: \"Login\", href: \"#\" },\n      { title: \"Register\", href: \"#\" },\n      { title: \"Add List\", href: \"#\" },\n      { title: \"Contact\", href: \"#\" },\n    ],\n  },\n  {\n    title: \"Legal\",\n    items: [\n      { title: \"Terms\", href: \"#\" },\n      { title: \"Privacy\", href: \"#\" },\n      { title: \"Teams\", href: \"#\" },\n      { title: \"About Us\", href: \"#\" },\n    ],\n  },\n  {\n    title: \"Resources\",\n    items: [\n      { title: \"Blog\", href: \"#\" },\n      { title: \"Services\", href: \"#\" },\n      { title: \"Products\", href: \"#\" },\n      { title: \"Pricing\", href: \"#\" },\n    ],\n  },\n]\n\nconst YEAR = new Date().getFullYear()\n\nexport default function Footers06() {\n  return (\n    <footer className=\"pt-16 pb-8\">\n      <div className=\"container mx-auto\">\n        <div className=\"grid grid-cols-1 justify-between gap-4 md:grid-cols-2\">\n          <div>\n            <h6 className=\"text-xl font-semibold\">Creative Tim</h6>\n            <p className=\"text-foreground my-4\">\n              The next generation of design systems.\n            </p>\n            <div className=\"flex gap-1\">\n              <Button asChild variant=\"ghost\" size=\"icon\">\n                <a href=\"#\" aria-label=\"Twitter\">\n                  <Twitter className=\"h-4 w-4\" />\n                </a>\n              </Button>\n              <Button asChild variant=\"ghost\" size=\"icon\">\n                <a href=\"#\" aria-label=\"YouTube\">\n                  <Youtube className=\"h-4 w-4\" />\n                </a>\n              </Button>\n              <Button asChild variant=\"ghost\" size=\"icon\">\n                <a href=\"#\" aria-label=\"Instagram\">\n                  <Instagram className=\"h-4 w-4\" />\n                </a>\n              </Button>\n              <Button asChild variant=\"ghost\" size=\"icon\">\n                <a href=\"#\" aria-label=\"GitHub\">\n                  <Github className=\"h-4 w-4\" />\n                </a>\n              </Button>\n            </div>\n          </div>\n          <div className=\"grid grid-cols-2 justify-between gap-6 lg:grid-cols-4\">\n            {LINKS.map(({ title, items }) => (\n              <ul key={title} className=\"space-y-2\">\n                <p className=\"mb-2 font-semibold\">{title}</p>\n                {items.map(({ title, href }) => (\n                  <li key={title}>\n                    <a\n                      href={href}\n                      className=\"text-foreground hover:text-primary\"\n                    >\n                      {title}\n                    </a>\n                  </li>\n                ))}\n              </ul>\n            ))}\n          </div>\n        </div>\n        <p className=\"text-foreground mt-20 text-center\">\n          &copy; {YEAR} Creative Tim. All Rights Reserved.\n        </p>\n      </div>\n    </footer>\n  )\n}\n",
      "type": "registry:page",
      "target": "app/footers-06/page.tsx"
    }
  ],
  "meta": {
    "iframeHeight": "500px",
    "container": "w-full bg-surface",
    "mobile": "component"
  },
  "categories": [
    "footers"
  ]
}