{
  "$schema": "https://ui.shadcn.com/schema/registry-item.json",
  "name": "footers-13",
  "type": "registry:block",
  "description": "Simple centered website footer",
  "registryDependencies": [
    "button"
  ],
  "files": [
    {
      "path": "registry/creative-tim/blocks/footers-13/page.tsx",
      "content": "\"use client\"\n\nimport { Github, Instagram, Twitter, Youtube } from \"lucide-react\"\n\nimport { Button } from \"@/components/ui/button\"\n\nconst YEAR = new Date().getFullYear()\n\nconst LINKS = [\n  { title: \"Company\", href: \"#\" },\n  { title: \"About Us\", href: \"#\" },\n  { title: \"Team\", href: \"#\" },\n  { title: \"Products\", href: \"#\" },\n  { title: \"Blogs\", href: \"#\" },\n  { title: \"Pricing\", href: \"#\" },\n]\n\nexport default function Footers13() {\n  return (\n    <footer className=\"pt-16 pb-8\">\n      <div className=\"container mx-auto grid place-items-center\">\n        <ul className=\"flex flex-wrap items-center justify-center gap-x-6 gap-y-2\">\n          {LINKS.map(({ title, href }, key) => (\n            <li key={key}>\n              <a\n                href={href}\n                className=\"text-foreground hover:text-primary font-semibold\"\n              >\n                {title}\n              </a>\n            </li>\n          ))}\n        </ul>\n        <div className=\"my-8 flex gap-1\">\n          <Button asChild variant=\"ghost\" size=\"icon\">\n            <a href=\"#\" aria-label=\"Twitter\">\n              <Twitter className=\"h-5 w-5\" />\n            </a>\n          </Button>\n          <Button asChild variant=\"ghost\" size=\"icon\">\n            <a href=\"#\" aria-label=\"YouTube\">\n              <Youtube className=\"h-5 w-5\" />\n            </a>\n          </Button>\n          <Button asChild variant=\"ghost\" size=\"icon\">\n            <a href=\"#\" aria-label=\"Instagram\">\n              <Instagram className=\"h-5 w-5\" />\n            </a>\n          </Button>\n          <Button asChild variant=\"ghost\" size=\"icon\">\n            <a href=\"#\" aria-label=\"GitHub\">\n              <Github className=\"h-5 w-5\" />\n            </a>\n          </Button>\n        </div>\n        <p className=\"text-foreground\">Copyright &copy; {YEAR} Creative Tim</p>\n      </div>\n    </footer>\n  )\n}\n",
      "type": "registry:page",
      "target": "app/footers-13/page.tsx"
    }
  ],
  "meta": {
    "iframeHeight": "450px",
    "container": "w-full bg-surface",
    "mobile": "component"
  },
  "categories": [
    "footers"
  ]
}