{
  "$schema": "https://ui.shadcn.com/schema/registry-item.json",
  "name": "footers-14",
  "type": "registry:block",
  "description": "Website footer for apps",
  "registryDependencies": [
    "button"
  ],
  "files": [
    {
      "path": "registry/creative-tim/blocks/footers-14/page.tsx",
      "content": "\"use client\"\n\nimport { Github, Instagram, Twitter, Youtube } from \"lucide-react\"\n\nimport { Button } from \"@/components/ui/button\"\n\nconst YEAR = new Date().getFullYear()\n\nconst LINKS = [\n  { title: \"About Us\", href: \"#\" },\n  { title: \"Careers\", href: \"#\" },\n  { title: \"Press\", href: \"#\" },\n  { title: \"Blog\", href: \"#\" },\n  { title: \"Pricing\", href: \"#\" },\n]\n\nexport default function Footers14() {\n  return (\n    <footer className=\"bg-primary pt-20 pb-8\">\n      <div className=\"container mx-auto\">\n        <div className=\"mb-16 grid grid-cols-1 gap-12 lg:grid-cols-2 lg:gap-8\">\n          <div>\n            <h6 className=\"text-2xl font-semibold text-white\">Creative Tim</h6>\n            <p className=\"text-secondary mt-3 max-w-md\">\n              The reward for getting on the stage is fame.\n            </p>\n            <ul className=\"mt-12 flex flex-wrap items-center gap-x-8 gap-y-3\">\n              {LINKS.map(({ title, href }, key) => (\n                <li key={key}>\n                  <a\n                    href={href}\n                    className=\"text-secondary transition-colors hover:text-white\"\n                  >\n                    {title}\n                  </a>\n                </li>\n              ))}\n            </ul>\n          </div>\n          <div className=\"lg:ml-auto\">\n            <p className=\"mb-6 text-lg font-semibold text-white\">Get the App</p>\n            <div className=\"grid gap-4 sm:grid-cols-2 lg:grid-cols-1 xl:grid-cols-2\">\n              <Button\n                variant=\"outline\"\n                className=\"h-auto gap-4 rounded-xl border-0 bg-black px-6 py-4 text-start text-white transition-all hover:bg-white/10\"\n              >\n                <svg\n                  xmlns=\"http://www.w3.org/2000/svg\"\n                  xmlSpace=\"preserve\"\n                  viewBox=\"0 0 16 16\"\n                  className=\"h-14 w-14 shrink-0\"\n                >\n                  <path\n                    fill=\"#2196F3\"\n                    d=\"M8.32 7.68.58 15.42c-.37-.35-.57-.83-.57-1.35V1.93C.01 1.4.22.92.6.56l7.72 7.12z\"\n                  />\n                  <path\n                    fill=\"#FFC107\"\n                    d=\"M15.01 8c0 .7-.38 1.32-1.01 1.67l-2.2 1.22-2.73-2.52-.75-.69 2.89-2.89L14 6.33c.63.35 1.01.97 1.01 1.67z\"\n                  />\n                  <path\n                    fill=\"#4CAF50\"\n                    d=\"M8.32 7.68.6.56C.7.46.83.37.96.29 1.59-.09 2.35-.1 3 .26l8.21 4.53-2.89 2.89z\"\n                  />\n                  <path\n                    fill=\"#F44336\"\n                    d=\"M11.8 10.89 3 15.74c-.31.18-.66.26-1 .26-.36 0-.72-.09-1.04-.29a1.82 1.82 0 0 1-.38-.29l7.74-7.74.75.69 2.73 2.52z\"\n                  />\n                </svg>\n                <div className=\"flex flex-col justify-center\">\n                  <span className=\"text-[10px] font-normal tracking-wide uppercase\">\n                    GET IT ON\n                  </span>\n                  <span className=\"text-xl leading-tight font-semibold\">\n                    Google Play\n                  </span>\n                </div>\n              </Button>\n              <Button\n                variant=\"outline\"\n                className=\"h-auto gap-4 rounded-xl border-0 bg-black px-6 py-4 text-start text-white transition-all hover:bg-white/10\"\n              >\n                <svg\n                  xmlns=\"http://www.w3.org/2000/svg\"\n                  enableBackground=\"new 0 0 22.185 27\"\n                  viewBox=\"0 0 22.185 27\"\n                  className=\"h-14 w-14 shrink-0 fill-white\"\n                >\n                  <path d=\"M18.436 14.271c0-2.225 1.216-4.166 3.02-5.194-.942-1.156-2.359-2.192-3.921-2.496-2.13-.415-3.345.276-4.131.553-.786.277-1.83.526-1.83.526s-1.043-.249-1.83-.526C8.959 6.857 7.744 6.165 5.614 6.58s-3.99 2.192-4.746 3.776c-1.458 3.057-.858 6.903.172 9.669 1.029 2.767 3.75 6.633 5.86 6.944 1.501.221 2.43-.816 4.674-1.079 2.244.263 3.173 1.3 4.674 1.079 2.11-.311 4.831-4.177 5.86-6.944.025-.068.051-.138.076-.208C19.987 18.935 18.436 16.784 18.436 14.271zM11.041 6.075c0 0 2.087.277 3.982-1.875s1.356-4.188 1.356-4.188-2.087-.277-3.982 1.875S11.041 6.075 11.041 6.075z\" />\n                </svg>\n                <div className=\"flex flex-col justify-center\">\n                  <span className=\"text-[10px] font-normal tracking-wide uppercase\">\n                    Download on the\n                  </span>\n                  <span className=\"text-xl leading-tight font-semibold\">\n                    App Store\n                  </span>\n                </div>\n              </Button>\n            </div>\n          </div>\n        </div>\n        <div className=\"border-surface/50 flex flex-col items-center justify-between gap-6 border-t pt-8 md:flex-row\">\n          <p className=\"text-secondary order-2 md:order-1\">\n            &copy; {YEAR} Creative Tim. All Rights Reserved.\n          </p>\n          <div className=\"order-1 flex gap-1 md:order-2\">\n            <Button\n              asChild\n              variant=\"ghost\"\n              size=\"sm\"\n              className=\"text-white hover:text-white\"\n            >\n              <a href=\"#\" aria-label=\"Twitter\">\n                <Twitter className=\"h-5 w-5\" />\n              </a>\n            </Button>\n            <Button\n              asChild\n              variant=\"ghost\"\n              size=\"sm\"\n              className=\"text-white hover:text-white\"\n            >\n              <a href=\"#\" aria-label=\"YouTube\">\n                <Youtube className=\"h-5 w-5\" />\n              </a>\n            </Button>\n            <Button\n              asChild\n              variant=\"ghost\"\n              size=\"sm\"\n              className=\"text-white hover:text-white\"\n            >\n              <a href=\"#\" aria-label=\"Instagram\">\n                <Instagram className=\"h-5 w-5\" />\n              </a>\n            </Button>\n            <Button\n              asChild\n              variant=\"ghost\"\n              size=\"sm\"\n              className=\"text-white hover:text-white\"\n            >\n              <a href=\"#\" aria-label=\"GitHub\">\n                <Github className=\"h-5 w-5\" />\n              </a>\n            </Button>\n          </div>\n        </div>\n      </div>\n    </footer>\n  )\n}\n",
      "type": "registry:page",
      "target": "app/footers-14/page.tsx"
    }
  ],
  "meta": {
    "iframeHeight": "700px",
    "container": "w-full bg-surface",
    "mobile": "component"
  },
  "categories": [
    "footers"
  ]
}