{
  "$schema": "https://ui.shadcn.com/schema/registry-item.json",
  "name": "hover-card",
  "type": "registry:ui",
  "dependencies": [
    "@radix-ui/react-hover-card"
  ],
  "files": [
    {
      "path": "registry/creative-tim/ui/hover-card.tsx",
      "content": "\"use client\"\n\nimport * as React from \"react\"\nimport * as HoverCardPrimitive from \"@radix-ui/react-hover-card\"\n\nimport { cn } from \"@/lib/utils\"\n\nfunction HoverCard({\n  ...props\n}: React.ComponentProps<typeof HoverCardPrimitive.Root>) {\n  return <HoverCardPrimitive.Root data-slot=\"hover-card\" {...props} />\n}\n\nfunction HoverCardTrigger({\n  ...props\n}: React.ComponentProps<typeof HoverCardPrimitive.Trigger>) {\n  return (\n    <HoverCardPrimitive.Trigger data-slot=\"hover-card-trigger\" {...props} />\n  )\n}\n\nfunction HoverCardContent({\n  className,\n  align = \"center\",\n  sideOffset = 4,\n  ...props\n}: React.ComponentProps<typeof HoverCardPrimitive.Content>) {\n  return (\n    <HoverCardPrimitive.Portal data-slot=\"hover-card-portal\">\n      <HoverCardPrimitive.Content\n        data-slot=\"hover-card-content\"\n        align={align}\n        sideOffset={sideOffset}\n        className={cn(\n          \"bg-popover text-popover-foreground data-[state=open]:animate-in data-[state=closed]:animate-out data-[state=closed]:fade-out-0 data-[state=open]:fade-in-0 data-[state=closed]:zoom-out-95 data-[state=open]:zoom-in-95 data-[side=bottom]:slide-in-from-top-2 data-[side=left]:slide-in-from-right-2 data-[side=right]:slide-in-from-left-2 data-[side=top]:slide-in-from-bottom-2 z-50 w-64 origin-(--radix-hover-card-content-transform-origin) rounded-md border p-4 shadow-md outline-hidden\",\n          className\n        )}\n        {...props}\n      />\n    </HoverCardPrimitive.Portal>\n  )\n}\n\nexport { HoverCard, HoverCardTrigger, HoverCardContent }\n",
      "type": "registry:ui"
    }
  ]
}