{
  "$schema": "https://ui.shadcn.com/schema/registry-item.json",
  "name": "interactive-product-preview-01",
  "type": "registry:block",
  "description": "Interactive room product preview",
  "registryDependencies": [
    "button",
    "badge"
  ],
  "files": [
    {
      "path": "registry/creative-tim/blocks/interactive-product-preview-01/page.tsx",
      "content": "\"use client\"\n\nimport { useState } from \"react\"\nimport {\n  Eye,\n  Heart,\n  Minus,\n  Plus,\n  ShoppingCart,\n  Star,\n  Truck,\n} from \"lucide-react\"\n\nimport { Badge } from \"@/components/ui/badge\"\nimport { Button } from \"@/components/ui/button\"\n\nexport default function InteractiveProductPreview01() {\n  const [quantity, setQuantity] = useState(1)\n  const [isFavorite, setIsFavorite] = useState(false)\n\n  return (\n    <section className=\"py-16\">\n      <div className=\"container mx-auto text-center\">\n        <Badge\n          variant=\"outline\"\n          className=\"border-primary/30 bg-primary/10 text-primary mb-4\"\n        >\n          Room Previewer\n        </Badge>\n        <h2 className=\"my-4 text-4xl font-bold tracking-tight\">\n          Visualize Your Space\n        </h2>\n        <p className=\"text-muted-foreground mx-auto max-w-2xl text-lg leading-relaxed\">\n          Easily preview furniture, decor, and more in your space, ensuring\n          everything fits perfectly and looks just right. It&apos;s the ultimate\n          tool for hassle-free home customization and design!\n        </p>\n      </div>\n\n      <div className=\"container mx-auto mt-14\">\n        <div className=\"relative\">\n          <img\n            src=\"https://v3.material-tailwind.com/room.png\"\n            alt=\"Room preview\"\n            className=\"h-[680px] w-full rounded-2xl object-cover object-center shadow-2xl\"\n          />\n          <div className=\"absolute inset-0 h-full w-full rounded-2xl bg-gradient-to-tr from-black/30 via-black/10 to-transparent\" />\n\n          <div className=\"absolute top-6 right-6 bottom-6 left-6 !ml-auto flex max-w-[26rem] flex-col justify-between rounded-2xl border border-white/30 bg-white/90 px-6 py-6 shadow-2xl backdrop-blur-xl dark:bg-gray-900/90\">\n            <div>\n              <div className=\"mb-4 flex items-start justify-between\">\n                <Badge className=\"bg-green-500 text-white\">New Arrival</Badge>\n                <Button\n                  variant=\"ghost\"\n                  size=\"icon\"\n                  className={`h-9 w-9 transition-colors ${\n                    isFavorite\n                      ? \"text-red-500 hover:text-red-600\"\n                      : \"text-muted-foreground hover:text-red-500\"\n                  }`}\n                  onClick={() => setIsFavorite(!isFavorite)}\n                >\n                  <Heart\n                    className={`h-5 w-5 ${isFavorite ? \"fill-current\" : \"\"}`}\n                  />\n                </Button>\n              </div>\n\n              <div className=\"mx-auto mb-6 grid place-items-center\">\n                <div className=\"bg-muted/50 mb-4 rounded-xl p-6\">\n                  <img\n                    src=\"https://v3.material-tailwind.com/vase.svg\"\n                    alt=\"Vase\"\n                    className=\"h-32 w-32\"\n                  />\n                </div>\n                <h3 className=\"text-2xl font-bold\">Elegant Ceramic Vase</h3>\n\n                <div className=\"mt-3 flex items-center gap-2\">\n                  <div className=\"flex items-center gap-1\">\n                    {[1, 2, 3, 4, 5].map((star) => (\n                      <Star\n                        key={star}\n                        className=\"h-4 w-4 fill-yellow-400 text-yellow-400\"\n                      />\n                    ))}\n                  </div>\n                  <span className=\"text-muted-foreground text-sm\">\n                    (127 reviews)\n                  </span>\n                </div>\n\n                <div className=\"mt-4 flex items-baseline gap-2\">\n                  <p className=\"text-3xl font-bold\">$149.90</p>\n                  <span className=\"text-muted-foreground text-sm line-through\">\n                    $199.90\n                  </span>\n                </div>\n              </div>\n\n              <p className=\"text-muted-foreground mx-auto mb-6 max-w-xs text-center text-sm leading-relaxed\">\n                Add a touch of sophistication to your home with our handcrafted\n                ceramic vase.\n              </p>\n\n              <div className=\"bg-muted/50 mb-2 flex items-center justify-center gap-2 rounded-lg py-3\">\n                <Truck className=\"h-4 w-4 text-green-600 dark:text-green-400\" />\n                <span className=\"text-sm font-medium\">\n                  Free shipping on orders over $100\n                </span>\n              </div>\n\n              <div className=\"mb-4 flex items-center justify-center gap-3\">\n                <span className=\"text-sm font-medium\">Quantity:</span>\n                <div className=\"flex items-center gap-2\">\n                  <Button\n                    variant=\"outline\"\n                    size=\"icon\"\n                    className=\"h-8 w-8\"\n                    onClick={() => setQuantity(Math.max(1, quantity - 1))}\n                  >\n                    <Minus className=\"h-3 w-3\" />\n                  </Button>\n                  <span className=\"w-8 text-center font-semibold\">\n                    {quantity}\n                  </span>\n                  <Button\n                    variant=\"outline\"\n                    size=\"icon\"\n                    className=\"h-8 w-8\"\n                    onClick={() => setQuantity(quantity + 1)}\n                  >\n                    <Plus className=\"h-3 w-3\" />\n                  </Button>\n                </div>\n              </div>\n\n              <div className=\"flex items-center gap-2\">\n                <Button className=\"flex-1 gap-2\" size=\"lg\">\n                  <ShoppingCart className=\"h-4 w-4\" />\n                  Add to Cart\n                </Button>\n                <Button variant=\"outline\" size=\"lg\" className=\"shrink-0 gap-2\">\n                  <Eye className=\"h-4 w-4\" />\n                </Button>\n              </div>\n            </div>\n          </div>\n\n          <div className=\"absolute hidden lg:flex\">\n            <div className=\"group relative grid h-12 w-12 translate-x-[17rem] -translate-y-[30rem] cursor-pointer place-content-center rounded-full border-2 border-white bg-white shadow-xl transition-all hover:scale-110\">\n              <div className=\"bg-primary h-4 w-4 animate-pulse rounded-full\"></div>\n              <div className=\"absolute -top-12 left-1/2 hidden -translate-x-1/2 rounded-lg bg-white px-3 py-1.5 text-sm font-medium whitespace-nowrap shadow-lg group-hover:block dark:bg-gray-900\">\n                Ceramic Vase\n              </div>\n            </div>\n            <div className=\"group relative grid h-12 w-12 translate-x-[26rem] -translate-y-[26rem] cursor-pointer place-content-center rounded-full border-2 border-white bg-white shadow-xl transition-all hover:scale-110\">\n              <div className=\"bg-primary h-4 w-4 animate-pulse rounded-full\"></div>\n              <div className=\"absolute -top-12 left-1/2 hidden -translate-x-1/2 rounded-lg bg-white px-3 py-1.5 text-sm font-medium whitespace-nowrap shadow-lg group-hover:block dark:bg-gray-900\">\n                Wall Art\n              </div>\n            </div>\n            <div className=\"group relative grid h-12 w-12 translate-x-[5rem] -translate-y-[21rem] cursor-pointer place-content-center rounded-full border-2 border-white bg-white shadow-xl transition-all hover:scale-110\">\n              <div className=\"bg-primary h-4 w-4 animate-pulse rounded-full\"></div>\n              <div className=\"absolute -top-12 left-1/2 hidden -translate-x-1/2 rounded-lg bg-white px-3 py-1.5 text-sm font-medium whitespace-nowrap shadow-lg group-hover:block dark:bg-gray-900\">\n                Table Lamp\n              </div>\n            </div>\n          </div>\n        </div>\n      </div>\n    </section>\n  )\n}\n",
      "type": "registry:page",
      "target": "app/interactive-product-preview/page.tsx"
    }
  ],
  "meta": {
    "iframeHeight": "1100px",
    "container": "w-full bg-surface min-h-svh flex px-4 py-12 items-center md:py-20 justify-center min-w-0",
    "mobile": "component"
  },
  "categories": [
    "ecommerce"
  ]
}