{
  "$schema": "https://ui.shadcn.com/schema/registry-item.json",
  "name": "label",
  "type": "registry:ui",
  "dependencies": [
    "@radix-ui/react-label"
  ],
  "files": [
    {
      "path": "registry/creative-tim/ui/label.tsx",
      "content": "\"use client\"\n\nimport * as React from \"react\"\nimport * as LabelPrimitive from \"@radix-ui/react-label\"\n\nimport { cn } from \"@/lib/utils\"\n\nfunction Label({\n  className,\n  ...props\n}: React.ComponentProps<typeof LabelPrimitive.Root>) {\n  return (\n    <LabelPrimitive.Root\n      data-slot=\"label\"\n      className={cn(\n        \"flex items-center gap-2 text-sm leading-none font-medium select-none group-data-[disabled=true]:pointer-events-none group-data-[disabled=true]:opacity-50 peer-disabled:cursor-not-allowed peer-disabled:opacity-50\",\n        className\n      )}\n      {...props}\n    />\n  )\n}\n\nexport { Label }\n",
      "type": "registry:ui"
    }
  ]
}