{
  "$schema": "https://ui.shadcn.com/schema/registry-item.json",
  "name": "large-blog-preview-01",
  "type": "registry:block",
  "description": "Large blog post preview",
  "registryDependencies": [
    "avatar"
  ],
  "files": [
    {
      "path": "registry/creative-tim/blocks/large-blog-preview-01/page.tsx",
      "content": "\"use client\"\n\nimport { Avatar, AvatarFallback, AvatarImage } from \"@/components/ui/avatar\"\n\nexport default function LargeBlogPreview01() {\n  return (\n    <div className=\"container mx-auto grid h-full w-full grid-cols-1 items-center gap-x-16 gap-y-6 py-16 lg:grid-cols-2\">\n      <img\n        alt=\"blog preview\"\n        src=\"https://images.unsplash.com/photo-1497366216548-37526070297c?w=1200&auto=format&fit=crop\"\n        className=\"h-full w-full rounded-lg object-cover object-center shadow-lg\"\n      />\n      <div>\n        <p className=\"text-primary block font-semibold\">Business</p>\n        <h2 className=\"my-4 text-3xl font-bold lg:text-4xl\">\n          Autodesk looks to future of 3D with Project Escher\n        </h2>\n        <p className=\"text-muted-foreground mb-6 w-full max-w-lg text-lg\">\n          Warner Music Group announced today it&apos;s acquiring the selected\n          assets of the music platform Songkick, including its app for finding\n          concerts and the company&apos;s trademark. Songkick has been involved\n          in a lawsuit against the major…{\" \"}\n          <a\n            href=\"#\"\n            className=\"text-foreground ml-2 inline-block font-semibold hover:underline\"\n          >\n            Read More\n          </a>\n        </p>\n        <div className=\"flex items-center gap-3\">\n          <Avatar>\n            <AvatarImage\n              src=\"https://images.unsplash.com/photo-1472099645785-5658abf4ff4e?w=400&h=400&auto=format&fit=crop\"\n              alt=\"Otto Gonzalez\"\n            />\n            <AvatarFallback>OG</AvatarFallback>\n          </Avatar>\n          <div className=\"space-y-0.5\">\n            <p className=\"text-sm font-semibold\">Otto Gonzalez</p>\n            <p className=\"text-muted-foreground text-xs\">10 October 2024</p>\n          </div>\n        </div>\n      </div>\n    </div>\n  )\n}\n",
      "type": "registry:page",
      "target": "app/large-blog-preview/page.tsx"
    }
  ],
  "meta": {
    "iframeHeight": "700px",
    "container": "w-full bg-surface min-h-svh flex px-4 py-12 items-center md:py-20 justify-center min-w-0",
    "mobile": "component"
  },
  "categories": [
    "blog"
  ]
}