{
  "$schema": "https://ui.shadcn.com/schema/registry-item.json",
  "name": "modals-04",
  "type": "registry:block",
  "description": "Update product modal with image gallery and form",
  "registryDependencies": [
    "dialog",
    "button",
    "input",
    "label",
    "select",
    "textarea"
  ],
  "files": [
    {
      "path": "registry/creative-tim/blocks/modals-04/page.tsx",
      "content": "\"use client\"\n\nimport * as React from \"react\"\nimport { Trash, X } from \"lucide-react\"\n\nimport { Button } from \"@/components/ui/button\"\nimport {\n  Dialog,\n  DialogContent,\n  DialogHeader,\n  DialogTitle,\n  DialogTrigger,\n} from \"@/components/ui/dialog\"\nimport { Input } from \"@/components/ui/input\"\nimport { Label } from \"@/components/ui/label\"\nimport {\n  Select,\n  SelectContent,\n  SelectItem,\n  SelectTrigger,\n  SelectValue,\n} from \"@/components/ui/select\"\nimport { Textarea } from \"@/components/ui/textarea\"\n\nexport default function ModalsBlock() {\n  const [isOpen, setIsOpen] = React.useState(false)\n\n  return (\n    <div className=\"grid min-h-screen w-full place-items-center\">\n      <Dialog open={isOpen} onOpenChange={setIsOpen}>\n        <DialogTrigger asChild>\n          <Button onClick={() => setIsOpen(true)}>Open Modal</Button>\n        </DialogTrigger>\n        <DialogContent className=\"max-h-[90vh] overflow-y-auto sm:max-w-[700px]\">\n          <button\n            onClick={() => setIsOpen(false)}\n            className=\"ring-offset-background focus:ring-ring absolute top-4 right-4 rounded-sm opacity-70 transition-opacity hover:opacity-100 focus:ring-2 focus:ring-offset-2 focus:outline-none disabled:pointer-events-none\"\n          >\n            <X className=\"h-4 w-4\" />\n            <span className=\"sr-only\">Close</span>\n          </button>\n          <DialogHeader>\n            <DialogTitle className=\"mb-1 text-xl\">\n              Update Product Modal\n            </DialogTitle>\n            <p className=\"text-muted-foreground text-sm\">\n              Edit product features and save it.\n            </p>\n          </DialogHeader>\n\n          <div className=\"my-6 grid grid-cols-1 gap-4 sm:grid-cols-2 md:grid-cols-3\">\n            {[...new Array(3)].map((_, i) => (\n              <div\n                key={i}\n                className=\"bg-muted relative h-44 w-full overflow-hidden rounded-md\"\n              >\n                <img\n                  src={`https://images.unsplash.com/photo-1505740420928-5e560c06d30e?w=400&h=400&fit=crop&crop=center&q=80`}\n                  alt={`Product ${i + 1}`}\n                  className=\"h-full w-full object-cover object-center\"\n                />\n                <Button\n                  size=\"sm\"\n                  variant=\"ghost\"\n                  className=\"!absolute right-2 bottom-2\"\n                >\n                  <Trash className=\"h-4 w-4\" />\n                </Button>\n              </div>\n            ))}\n          </div>\n\n          <form className=\"space-y-6\">\n            <div className=\"grid grid-cols-1 gap-4 sm:grid-cols-2\">\n              <div className=\"space-y-2\">\n                <Label htmlFor=\"productName\" className=\"font-semibold\">\n                  Product Name\n                </Label>\n                <Input id=\"productName\" placeholder=\"Laptop\" />\n              </div>\n              <div className=\"space-y-2\">\n                <Label htmlFor=\"category\" className=\"font-semibold\">\n                  Category\n                </Label>\n                <Select>\n                  <SelectTrigger id=\"category\" className=\"w-full\">\n                    <SelectValue placeholder=\"Select Category\" />\n                  </SelectTrigger>\n                  <SelectContent>\n                    <SelectItem value=\"electronics\">Electronics</SelectItem>\n                    <SelectItem value=\"clothing\">Clothing</SelectItem>\n                    <SelectItem value=\"accessories\">Accessories</SelectItem>\n                  </SelectContent>\n                </Select>\n              </div>\n            </div>\n\n            <div className=\"grid grid-cols-1 gap-4 sm:grid-cols-2\">\n              <div className=\"space-y-2\">\n                <Label htmlFor=\"price\" className=\"font-semibold\">\n                  Price\n                </Label>\n                <Input id=\"price\" placeholder=\"1000\" />\n              </div>\n              <div className=\"space-y-2\">\n                <Label htmlFor=\"brand\" className=\"font-semibold\">\n                  Brand\n                </Label>\n                <Select>\n                  <SelectTrigger id=\"brand\" className=\"w-full\">\n                    <SelectValue placeholder=\"Select Brand\" />\n                  </SelectTrigger>\n                  <SelectContent>\n                    <SelectItem value=\"apple\">Apple</SelectItem>\n                    <SelectItem value=\"samsung\">Samsung</SelectItem>\n                    <SelectItem value=\"microsoft\">Microsoft</SelectItem>\n                  </SelectContent>\n                </Select>\n              </div>\n            </div>\n\n            <div className=\"space-y-2\">\n              <Label htmlFor=\"description\" className=\"font-semibold\">\n                Description\n              </Label>\n              <Textarea\n                id=\"description\"\n                placeholder=\"Write something about your product.\"\n              />\n            </div>\n\n            <div className=\"space-y-2\">\n              <Label htmlFor=\"tags\" className=\"font-semibold\">\n                Tags\n              </Label>\n              <Input\n                id=\"tags\"\n                placeholder=\"Add up to 10 tags, separated by commas (,)\"\n              />\n            </div>\n\n            <div className=\"flex items-center justify-end gap-2 pt-4\">\n              <Button\n                type=\"button\"\n                variant=\"outline\"\n                onClick={() => setIsOpen(false)}\n              >\n                Cancel\n              </Button>\n              <Button type=\"submit\">Update Product</Button>\n            </div>\n          </form>\n        </DialogContent>\n      </Dialog>\n    </div>\n  )\n}\n",
      "type": "registry:page",
      "target": "app/modals-04/page.tsx"
    }
  ],
  "meta": {
    "iframeHeight": "800px",
    "container": "w-full bg-surface",
    "mobile": "component"
  },
  "categories": [
    "modals"
  ]
}