{
  "$schema": "https://ui.shadcn.com/schema/registry-item.json",
  "name": "modals-10",
  "type": "registry:block",
  "description": "Permanently remove archive modal with effects list",
  "registryDependencies": [
    "dialog",
    "button",
    "card"
  ],
  "files": [
    {
      "path": "registry/creative-tim/blocks/modals-10/page.tsx",
      "content": "\"use client\"\n\nimport * as React from \"react\"\nimport { AlertCircle, X } from \"lucide-react\"\n\nimport { Button } from \"@/components/ui/button\"\nimport { Card, CardContent, CardHeader, CardTitle } from \"@/components/ui/card\"\nimport {\n  Dialog,\n  DialogContent,\n  DialogHeader,\n  DialogTitle,\n  DialogTrigger,\n} from \"@/components/ui/dialog\"\n\nexport default function ModalsBlock() {\n  const [isOpen, setIsOpen] = React.useState(false)\n\n  return (\n    <div className=\"grid min-h-screen w-full place-items-center\">\n      <Dialog open={isOpen} onOpenChange={setIsOpen}>\n        <DialogTrigger asChild>\n          <Button onClick={() => setIsOpen(true)}>Open Modal</Button>\n        </DialogTrigger>\n        <DialogContent className=\"sm:max-w-[550px]\">\n          <button\n            onClick={() => setIsOpen(false)}\n            className=\"ring-offset-background focus:ring-ring absolute top-4 right-4 rounded-sm opacity-70 transition-opacity hover:opacity-100 focus:ring-2 focus:ring-offset-2 focus:outline-none disabled:pointer-events-none\"\n          >\n            <X className=\"h-4 w-4\" />\n            <span className=\"sr-only\">Close</span>\n          </button>\n          <DialogHeader>\n            <DialogTitle className=\"mb-2 text-xl\">\n              Permanently Remove Archive\n            </DialogTitle>\n          </DialogHeader>\n          <p className=\"text-muted-foreground mt-2 text-sm\">\n            Erasing this fashion vault will wipe its data across your platform\n            and collaborators.\n          </p>\n\n          <Card className=\"border-destructive/50 bg-destructive/5 my-6\">\n            <CardHeader className=\"pb-3\">\n              <CardTitle className=\"flex items-center gap-2 text-base\">\n                <AlertCircle className=\"text-destructive h-4 w-4\" />\n                Review Before Deleting\n              </CardTitle>\n            </CardHeader>\n            <CardContent>\n              <p className=\"text-muted-foreground text-sm\">\n                Once removed, associated content (lookbooks, notes, edits) will\n                be lost forever.\n              </p>\n            </CardContent>\n          </Card>\n\n          <div className=\"mb-6 space-y-3\">\n            <p className=\"text-sm font-semibold\">This action will:</p>\n            <ul className=\"text-muted-foreground space-y-2 text-sm\">\n              <li className=\"flex items-start gap-2\">\n                <span className=\"text-destructive mt-1\">•</span>\n                <span>Deletes all digital outfits and metadata</span>\n              </li>\n              <li className=\"flex items-start gap-2\">\n                <span className=\"text-destructive mt-1\">•</span>\n                <span>Disconnects synced creative briefs</span>\n              </li>\n              <li className=\"flex items-start gap-2\">\n                <span className=\"text-primary mt-1\">•</span>\n                <span>No change to billing or usage limits</span>\n              </li>\n            </ul>\n          </div>\n\n          <div className=\"flex items-center justify-end gap-2 pt-4\">\n            <Button\n              type=\"button\"\n              variant=\"outline\"\n              onClick={() => setIsOpen(false)}\n            >\n              Cancel\n            </Button>\n            <Button type=\"submit\">I acknowledge and confirm</Button>\n          </div>\n        </DialogContent>\n      </Dialog>\n    </div>\n  )\n}\n",
      "type": "registry:page",
      "target": "app/modals-10/page.tsx"
    }
  ],
  "meta": {
    "iframeHeight": "750px",
    "container": "w-full bg-surface",
    "mobile": "component"
  },
  "categories": [
    "modals"
  ]
}