{
  "$schema": "https://ui.shadcn.com/schema/registry-item.json",
  "name": "modals-03",
  "type": "registry:block",
  "description": "Invite members modal with team management",
  "registryDependencies": [
    "dialog",
    "button",
    "input",
    "avatar",
    "dropdown-menu"
  ],
  "files": [
    {
      "path": "registry/creative-tim/blocks/modals-03/page.tsx",
      "content": "\"use client\"\n\nimport * as React from \"react\"\nimport { ChevronDown, Pencil, X } from \"lucide-react\"\n\nimport { Avatar, AvatarFallback, AvatarImage } from \"@/components/ui/avatar\"\nimport { Button } from \"@/components/ui/button\"\nimport {\n  Dialog,\n  DialogContent,\n  DialogHeader,\n  DialogTitle,\n  DialogTrigger,\n} from \"@/components/ui/dialog\"\nimport {\n  DropdownMenu,\n  DropdownMenuContent,\n  DropdownMenuItem,\n  DropdownMenuTrigger,\n} from \"@/components/ui/dropdown-menu\"\nimport { Input } from \"@/components/ui/input\"\n\ninterface UserProps {\n  name: string\n  img: string\n  email: string\n}\n\nfunction User({ name, img, email }: UserProps) {\n  const [selected, setSelected] = React.useState(\"Can View\")\n\n  return (\n    <div className=\"flex items-center justify-between gap-4\">\n      <div className=\"flex items-center gap-4\">\n        <Avatar>\n          <AvatarImage src={img} alt={name} />\n          <AvatarFallback>{name.charAt(0)}</AvatarFallback>\n        </Avatar>\n        <div className=\"space-y-0.5\">\n          <p className=\"text-sm font-semibold\">{name}</p>\n          <p className=\"text-muted-foreground text-sm\">{email}</p>\n        </div>\n      </div>\n      <DropdownMenu>\n        <DropdownMenuTrigger asChild>\n          <Button variant=\"ghost\" size=\"sm\" className=\"group\">\n            <span className=\"hidden items-center gap-1 sm:flex\">\n              {selected}{\" \"}\n              <ChevronDown className=\"h-4 w-4 transition-transform group-data-[state=open]:rotate-180\" />\n            </span>\n            <Pencil className=\"block h-4 w-4 sm:hidden\" />\n          </Button>\n        </DropdownMenuTrigger>\n        <DropdownMenuContent align=\"end\">\n          <DropdownMenuItem onClick={() => setSelected(\"Can View\")}>\n            Can View\n          </DropdownMenuItem>\n          <DropdownMenuItem onClick={() => setSelected(\"Can Edit\")}>\n            Can Edit\n          </DropdownMenuItem>\n        </DropdownMenuContent>\n      </DropdownMenu>\n    </div>\n  )\n}\n\nexport default function ModalsBlock() {\n  const [isOpen, setIsOpen] = React.useState(false)\n\n  return (\n    <div className=\"grid min-h-screen w-full place-items-center\">\n      <Dialog open={isOpen} onOpenChange={setIsOpen}>\n        <DialogTrigger asChild>\n          <Button onClick={() => setIsOpen(true)}>Open Modal</Button>\n        </DialogTrigger>\n        <DialogContent className=\"sm:max-w-[550px]\">\n          <button\n            onClick={() => setIsOpen(false)}\n            className=\"ring-offset-background focus:ring-ring absolute top-4 right-4 rounded-sm opacity-70 transition-opacity hover:opacity-100 focus:ring-2 focus:ring-offset-2 focus:outline-none disabled:pointer-events-none\"\n          >\n            <X className=\"h-4 w-4\" />\n            <span className=\"sr-only\">Close</span>\n          </button>\n          <DialogHeader>\n            <DialogTitle className=\"mb-1 text-xl\">\n              Share with New Members\n            </DialogTitle>\n            <p className=\"text-muted-foreground max-w-xl text-sm\">\n              Welcome new members to your team! Use this modal to seamlessly add\n              individuals to your dashboard, enabling collaboration and\n              enhancing productivity.\n            </p>\n          </DialogHeader>\n\n          <form className=\"my-6 flex w-full flex-col items-center gap-2 sm:flex-row\">\n            <Input type=\"email\" placeholder=\"Email, comma separated\" />\n            <Button type=\"submit\" className=\"w-full shrink-0 sm:w-auto\">\n              Invite\n            </Button>\n            <Button\n              type=\"button\"\n              variant=\"outline\"\n              className=\"w-full shrink-0 sm:w-auto\"\n            >\n              Copy Link\n            </Button>\n          </form>\n\n          <div className=\"space-y-6\">\n            <User\n              img=\"https://i.pravatar.cc/150?img=1\"\n              name=\"Emma Roberts\"\n              email=\"emma@mail.com\"\n            />\n            <User\n              img=\"https://i.pravatar.cc/150?img=2\"\n              name=\"John Smith\"\n              email=\"john@mail.com\"\n            />\n            <User\n              img=\"https://i.pravatar.cc/150?img=3\"\n              name=\"Sarah Johnson\"\n              email=\"sarah@mail.com\"\n            />\n          </div>\n        </DialogContent>\n      </Dialog>\n    </div>\n  )\n}\n",
      "type": "registry:page",
      "target": "app/modals-03/page.tsx"
    }
  ],
  "meta": {
    "iframeHeight": "700px",
    "container": "w-full bg-surface",
    "mobile": "component"
  },
  "categories": [
    "modals"
  ]
}