{
  "$schema": "https://ui.shadcn.com/schema/registry-item.json",
  "name": "navigation-menu",
  "type": "registry:ui",
  "dependencies": [
    "@radix-ui/react-navigation-menu"
  ],
  "files": [
    {
      "path": "registry/creative-tim/ui/navigation-menu.tsx",
      "content": "import * as React from \"react\"\nimport * as NavigationMenuPrimitive from \"@radix-ui/react-navigation-menu\"\nimport { cva } from \"class-variance-authority\"\nimport { ChevronDownIcon } from \"lucide-react\"\n\nimport { cn } from \"@/lib/utils\"\n\nfunction NavigationMenu({\n  className,\n  children,\n  viewport = true,\n  ...props\n}: React.ComponentProps<typeof NavigationMenuPrimitive.Root> & {\n  viewport?: boolean\n}) {\n  return (\n    <NavigationMenuPrimitive.Root\n      data-slot=\"navigation-menu\"\n      data-viewport={viewport}\n      className={cn(\n        \"group/navigation-menu relative flex max-w-max flex-1 items-center justify-center\",\n        className\n      )}\n      {...props}\n    >\n      {children}\n      {viewport && <NavigationMenuViewport />}\n    </NavigationMenuPrimitive.Root>\n  )\n}\n\nfunction NavigationMenuList({\n  className,\n  ...props\n}: React.ComponentProps<typeof NavigationMenuPrimitive.List>) {\n  return (\n    <NavigationMenuPrimitive.List\n      data-slot=\"navigation-menu-list\"\n      className={cn(\n        \"group flex flex-1 list-none items-center justify-center gap-1\",\n        className\n      )}\n      {...props}\n    />\n  )\n}\n\nfunction NavigationMenuItem({\n  className,\n  ...props\n}: React.ComponentProps<typeof NavigationMenuPrimitive.Item>) {\n  return (\n    <NavigationMenuPrimitive.Item\n      data-slot=\"navigation-menu-item\"\n      className={cn(\"relative\", className)}\n      {...props}\n    />\n  )\n}\n\nconst navigationMenuTriggerStyle = cva(\n  \"group inline-flex h-9 w-max items-center justify-center rounded-md bg-background px-4 py-2 text-sm font-medium hover:bg-accent hover:text-accent-foreground focus:bg-accent focus:text-accent-foreground disabled:pointer-events-none disabled:opacity-50 data-[state=open]:hover:bg-accent data-[state=open]:text-accent-foreground data-[state=open]:focus:bg-accent data-[state=open]:bg-accent/50 focus-visible:ring-ring/50 outline-none transition-[color,box-shadow] focus-visible:ring-[3px] focus-visible:outline-1\"\n)\n\nfunction NavigationMenuTrigger({\n  className,\n  children,\n  ...props\n}: React.ComponentProps<typeof NavigationMenuPrimitive.Trigger>) {\n  return (\n    <NavigationMenuPrimitive.Trigger\n      data-slot=\"navigation-menu-trigger\"\n      className={cn(navigationMenuTriggerStyle(), \"group\", className)}\n      {...props}\n    >\n      {children}{\" \"}\n      <ChevronDownIcon\n        className=\"relative top-[1px] ml-1 size-3 transition duration-300 group-data-[state=open]:rotate-180\"\n        aria-hidden=\"true\"\n      />\n    </NavigationMenuPrimitive.Trigger>\n  )\n}\n\nfunction NavigationMenuContent({\n  className,\n  ...props\n}: React.ComponentProps<typeof NavigationMenuPrimitive.Content>) {\n  return (\n    <NavigationMenuPrimitive.Content\n      data-slot=\"navigation-menu-content\"\n      className={cn(\n        \"data-[motion^=from-]:animate-in data-[motion^=to-]:animate-out data-[motion^=from-]:fade-in data-[motion^=to-]:fade-out data-[motion=from-end]:slide-in-from-right-52 data-[motion=from-start]:slide-in-from-left-52 data-[motion=to-end]:slide-out-to-right-52 data-[motion=to-start]:slide-out-to-left-52 top-0 left-0 w-full p-2 pr-2.5 md:absolute md:w-auto\",\n        \"group-data-[viewport=false]/navigation-menu:bg-popover group-data-[viewport=false]/navigation-menu:text-popover-foreground group-data-[viewport=false]/navigation-menu:data-[state=open]:animate-in group-data-[viewport=false]/navigation-menu:data-[state=closed]:animate-out group-data-[viewport=false]/navigation-menu:data-[state=closed]:zoom-out-95 group-data-[viewport=false]/navigation-menu:data-[state=open]:zoom-in-95 group-data-[viewport=false]/navigation-menu:data-[state=open]:fade-in-0 group-data-[viewport=false]/navigation-menu:data-[state=closed]:fade-out-0 group-data-[viewport=false]/navigation-menu:top-full group-data-[viewport=false]/navigation-menu:mt-1.5 group-data-[viewport=false]/navigation-menu:overflow-hidden group-data-[viewport=false]/navigation-menu:rounded-md group-data-[viewport=false]/navigation-menu:border group-data-[viewport=false]/navigation-menu:shadow group-data-[viewport=false]/navigation-menu:duration-200 **:data-[slot=navigation-menu-link]:focus:ring-0 **:data-[slot=navigation-menu-link]:focus:outline-none\",\n        className\n      )}\n      {...props}\n    />\n  )\n}\n\nfunction NavigationMenuViewport({\n  className,\n  ...props\n}: React.ComponentProps<typeof NavigationMenuPrimitive.Viewport>) {\n  return (\n    <div\n      className={cn(\n        \"absolute top-full left-0 isolate z-50 flex justify-center\"\n      )}\n    >\n      <NavigationMenuPrimitive.Viewport\n        data-slot=\"navigation-menu-viewport\"\n        className={cn(\n          \"origin-top-center bg-popover text-popover-foreground data-[state=open]:animate-in data-[state=closed]:animate-out data-[state=closed]:zoom-out-95 data-[state=open]:zoom-in-90 relative mt-1.5 h-[var(--radix-navigation-menu-viewport-height)] w-full overflow-hidden rounded-md border shadow md:w-[var(--radix-navigation-menu-viewport-width)]\",\n          className\n        )}\n        {...props}\n      />\n    </div>\n  )\n}\n\nfunction NavigationMenuLink({\n  className,\n  ...props\n}: React.ComponentProps<typeof NavigationMenuPrimitive.Link>) {\n  return (\n    <NavigationMenuPrimitive.Link\n      data-slot=\"navigation-menu-link\"\n      className={cn(\n        \"data-[active=true]:focus:bg-accent data-[active=true]:hover:bg-accent data-[active=true]:bg-accent/50 data-[active=true]:text-accent-foreground hover:bg-accent hover:text-accent-foreground focus:bg-accent focus:text-accent-foreground focus-visible:ring-ring/50 [&_svg:not([class*='text-'])]:text-muted-foreground flex flex-col gap-1 rounded-sm p-2 text-sm transition-all outline-none focus-visible:ring-[3px] focus-visible:outline-1 [&_svg:not([class*='size-'])]:size-4\",\n        className\n      )}\n      {...props}\n    />\n  )\n}\n\nfunction NavigationMenuIndicator({\n  className,\n  ...props\n}: React.ComponentProps<typeof NavigationMenuPrimitive.Indicator>) {\n  return (\n    <NavigationMenuPrimitive.Indicator\n      data-slot=\"navigation-menu-indicator\"\n      className={cn(\n        \"data-[state=visible]:animate-in data-[state=hidden]:animate-out data-[state=hidden]:fade-out data-[state=visible]:fade-in top-full z-[1] flex h-1.5 items-end justify-center overflow-hidden\",\n        className\n      )}\n      {...props}\n    >\n      <div className=\"bg-border relative top-[60%] h-2 w-2 rotate-45 rounded-tl-sm shadow-md\" />\n    </NavigationMenuPrimitive.Indicator>\n  )\n}\n\nexport {\n  NavigationMenu,\n  NavigationMenuList,\n  NavigationMenuItem,\n  NavigationMenuContent,\n  NavigationMenuTrigger,\n  NavigationMenuLink,\n  NavigationMenuIndicator,\n  NavigationMenuViewport,\n  navigationMenuTriggerStyle,\n}\n",
      "type": "registry:ui"
    }
  ]
}