{
  "$schema": "https://ui.shadcn.com/schema/registry-item.json",
  "name": "order-details-01",
  "type": "registry:block",
  "description": "Order details with timeline",
  "registryDependencies": [
    "button",
    "card",
    "badge",
    "separator"
  ],
  "files": [
    {
      "path": "registry/creative-tim/blocks/order-details-01/page.tsx",
      "content": "\"use client\"\n\nimport { useEffect, useState } from \"react\"\nimport {\n  Archive,\n  CheckCircle,\n  Clock,\n  FileText,\n  Home,\n  Mail,\n  MapPin,\n  Package,\n  Phone,\n  Truck,\n} from \"lucide-react\"\n\nimport { Badge } from \"@/components/ui/badge\"\nimport { Button } from \"@/components/ui/button\"\nimport { Card, CardContent, CardHeader } from \"@/components/ui/card\"\nimport { Separator } from \"@/components/ui/separator\"\n\nconst OPTIONS = [\n  { title: \"Subtotal\", value: \"$1,780.00\" },\n  { title: \"Shipping estimate\", value: \"$0\" },\n  { title: \"Tax estimate\", value: \"$5\" },\n]\n\nexport default function OrderDetails01() {\n  const [step, setStep] = useState(\"3\")\n  const [isVertical, setIsVertical] = useState(false)\n\n  useEffect(() => {\n    const handleResize = () => {\n      setIsVertical(window.innerWidth <= 768)\n    }\n    handleResize()\n    window.addEventListener(\"resize\", handleResize)\n    return () => window.removeEventListener(\"resize\", handleResize)\n  }, [])\n\n  return (\n    <section className=\"py-16\">\n      <div className=\"container mx-auto\">\n        <div className=\"mb-8 flex flex-wrap items-start justify-between gap-4\">\n          <div>\n            <div className=\"mb-3 flex items-center gap-3\">\n              <h2 className=\"text-3xl font-bold\">Order #1234</h2>\n              <Badge className=\"bg-green-100 text-green-700 dark:bg-green-900/30 dark:text-green-400\">\n                In Transit\n              </Badge>\n            </div>\n            <div className=\"flex items-center gap-4 text-sm\">\n              <div className=\"text-muted-foreground flex items-center gap-2\">\n                <Clock className=\"h-4 w-4\" />\n                <span>\n                  Placed on <span className=\"font-semibold\">April 1, 2024</span>\n                </span>\n              </div>\n              <div className=\"text-muted-foreground flex items-center gap-2\">\n                <Package className=\"h-4 w-4\" />\n                <span className=\"font-semibold\">1 item</span>\n              </div>\n            </div>\n          </div>\n          <Button className=\"gap-2\">\n            <FileText className=\"h-4 w-4\" />\n            View Invoice\n          </Button>\n        </div>\n\n        <Card className=\"shadow-lg\">\n          <CardHeader className=\"grid w-full grid-cols-1 gap-8 border-b p-6 md:grid-cols-2\">\n            <div className=\"flex gap-4\">\n              <div className=\"bg-muted/30 relative h-32 w-32 overflow-hidden rounded-xl border p-2 md:h-40 md:w-40\">\n                <img\n                  src=\"https://v3.material-tailwind.com/coat-2.png\"\n                  alt=\"Premium Suit\"\n                  className=\"h-full w-full object-contain\"\n                />\n              </div>\n              <div className=\"flex flex-1 flex-col justify-between\">\n                <div className=\"space-y-2\">\n                  <h3 className=\"text-lg font-semibold\">Premium Suit</h3>\n                  <p className=\"text-2xl font-bold\">$790</p>\n                  <p className=\"text-muted-foreground text-sm leading-relaxed\">\n                    The time is now for it to be okay to be great. People in\n                    this world shun people for being great.\n                  </p>\n                </div>\n                <div className=\"mt-3 flex items-center gap-2\">\n                  <Badge variant=\"outline\">Size: M</Badge>\n                  <Badge variant=\"outline\">Qty: 1</Badge>\n                </div>\n              </div>\n            </div>\n\n            <div className=\"grid gap-6 sm:grid-cols-2\">\n              <div className=\"space-y-3\">\n                <div className=\"flex items-center gap-2\">\n                  <div className=\"bg-primary/10 flex h-8 w-8 items-center justify-center rounded-full\">\n                    <MapPin className=\"text-primary h-4 w-4\" />\n                  </div>\n                  <p className=\"font-semibold\">Delivery Address</p>\n                </div>\n                <p className=\"text-muted-foreground text-sm leading-relaxed\">\n                  362 Ridgewood Avenue\n                  <br />\n                  Alaska 99669, USA\n                </p>\n              </div>\n\n              <div className=\"space-y-3\">\n                <div className=\"flex items-center gap-2\">\n                  <div className=\"bg-primary/10 flex h-8 w-8 items-center justify-center rounded-full\">\n                    <Mail className=\"text-primary h-4 w-4\" />\n                  </div>\n                  <p className=\"font-semibold\">Shipping Updates</p>\n                </div>\n                <div className=\"space-y-1 text-sm\">\n                  <p className=\"text-muted-foreground flex items-center gap-1.5\">\n                    <Mail className=\"h-3.5 w-3.5\" />\n                    michael@email.com\n                  </p>\n                  <p className=\"text-muted-foreground flex items-center gap-1.5\">\n                    <Phone className=\"h-3.5 w-3.5\" />\n                    (307) 682-8835\n                  </p>\n                </div>\n                <Button variant=\"outline\" size=\"sm\" className=\"mt-2\">\n                  Edit Contact\n                </Button>\n              </div>\n            </div>\n          </CardHeader>\n\n          <CardContent className=\"w-full p-6 sm:p-8\">\n            <div className=\"flex flex-col gap-8 lg:flex-row\">\n              <div className=\"flex-1\">\n                <h3 className=\"mb-6 text-lg font-semibold\">Order Timeline</h3>\n                <div className=\"space-y-6\">\n                  <div className=\"flex gap-4\">\n                    <div className=\"flex flex-col items-center\">\n                      <div className=\"bg-primary flex h-10 w-10 items-center justify-center rounded-full shadow-md\">\n                        <Home className=\"h-5 w-5 text-white\" />\n                      </div>\n                      <div className=\"bg-primary my-2 w-0.5 flex-1\" />\n                    </div>\n                    <div className=\"pb-6\">\n                      <div className=\"mb-1 flex items-center gap-2\">\n                        <p className=\"font-semibold\">Order Placed</p>\n                        <Badge\n                          variant=\"outline\"\n                          className=\"border-green-500/30 bg-green-50 text-green-700 dark:bg-green-950/30 dark:text-green-400\"\n                        >\n                          Complete\n                        </Badge>\n                      </div>\n                      <p className=\"text-muted-foreground text-sm\">\n                        Your order was placed on April 1, 2024\n                      </p>\n                    </div>\n                  </div>\n\n                  <div className=\"flex gap-4\">\n                    <div className=\"flex flex-col items-center\">\n                      <div className=\"bg-primary flex h-10 w-10 items-center justify-center rounded-full shadow-md\">\n                        <CheckCircle className=\"h-5 w-5 text-white\" />\n                      </div>\n                      <div className=\"bg-primary my-2 w-0.5 flex-1\" />\n                    </div>\n                    <div className=\"pb-6\">\n                      <div className=\"mb-1 flex items-center gap-2\">\n                        <p className=\"font-semibold\">Order Confirmed</p>\n                        <Badge\n                          variant=\"outline\"\n                          className=\"border-green-500/30 bg-green-50 text-green-700 dark:bg-green-950/30 dark:text-green-400\"\n                        >\n                          Complete\n                        </Badge>\n                      </div>\n                      <p className=\"text-muted-foreground text-sm\">\n                        Your order has been confirmed on April 2, 2024\n                      </p>\n                    </div>\n                  </div>\n\n                  <div className=\"flex gap-4\">\n                    <div className=\"flex flex-col items-center\">\n                      <div className=\"bg-primary flex h-10 w-10 items-center justify-center rounded-full shadow-md\">\n                        <Archive className=\"h-5 w-5 text-white\" />\n                      </div>\n                      <div className=\"bg-border my-2 w-0.5 flex-1\" />\n                    </div>\n                    <div className=\"pb-6\">\n                      <div className=\"mb-1 flex items-center gap-2\">\n                        <p className=\"font-semibold\">Order Shipped</p>\n                        <Badge\n                          variant=\"outline\"\n                          className=\"border-blue-500/30 bg-blue-50 text-blue-700 dark:bg-blue-950/30 dark:text-blue-400\"\n                        >\n                          In Progress\n                        </Badge>\n                      </div>\n                      <p className=\"text-muted-foreground text-sm\">\n                        Your order has been shipped on April 3, 2024\n                      </p>\n                    </div>\n                  </div>\n\n                  <div className=\"flex gap-4\">\n                    <div className=\"flex flex-col items-center\">\n                      <div className=\"bg-muted flex h-10 w-10 items-center justify-center rounded-full border-2 border-dashed\">\n                        <Truck className=\"text-muted-foreground h-5 w-5\" />\n                      </div>\n                    </div>\n                    <div>\n                      <div className=\"mb-1 flex items-center gap-2\">\n                        <p className=\"text-muted-foreground font-semibold\">\n                          Order Delivered\n                        </p>\n                        <Badge\n                          variant=\"outline\"\n                          className=\"text-muted-foreground\"\n                        >\n                          Pending\n                        </Badge>\n                      </div>\n                      <p className=\"text-muted-foreground text-sm\">\n                        Expected delivery on April 6, 2024\n                      </p>\n                    </div>\n                  </div>\n                </div>\n              </div>\n\n              <Separator className=\"lg:hidden\" />\n\n              <div className=\"w-full lg:w-80\">\n                <div className=\"bg-muted/30 rounded-xl border p-6\">\n                  <h3 className=\"mb-4 text-lg font-semibold\">Order Summary</h3>\n                  <div className=\"space-y-3\">\n                    {OPTIONS.map(({ title, value }) => (\n                      <div key={title} className=\"flex justify-between text-sm\">\n                        <span className=\"text-muted-foreground\">{title}</span>\n                        <span className=\"font-medium\">{value}</span>\n                      </div>\n                    ))}\n                  </div>\n                  <Separator className=\"my-4\" />\n                  <div className=\"flex items-center justify-between\">\n                    <span className=\"text-lg font-bold\">Order Total</span>\n                    <span className=\"text-2xl font-bold\">$1,785.00</span>\n                  </div>\n\n                  <div className=\"bg-primary/10 mt-6 flex items-start gap-2 rounded-lg p-4\">\n                    <Truck className=\"text-primary mt-0.5 h-5 w-5 shrink-0\" />\n                    <div className=\"space-y-1\">\n                      <p className=\"text-sm font-medium\">Track Your Order</p>\n                      <p className=\"text-muted-foreground text-xs\">\n                        Estimated delivery: April 6, 2024\n                      </p>\n                    </div>\n                  </div>\n                </div>\n              </div>\n            </div>\n          </CardContent>\n        </Card>\n      </div>\n    </section>\n  )\n}\n",
      "type": "registry:page",
      "target": "app/order-details/page.tsx"
    }
  ],
  "meta": {
    "iframeHeight": "1100px",
    "container": "w-full bg-surface min-h-svh flex px-4 py-12 items-center md:py-20 justify-center min-w-0",
    "mobile": "component"
  },
  "categories": [
    "ecommerce"
  ]
}