{
  "$schema": "https://ui.shadcn.com/schema/registry-item.json",
  "name": "order-history-01",
  "type": "registry:block",
  "description": "Order history table",
  "registryDependencies": [
    "badge",
    "button",
    "card"
  ],
  "files": [
    {
      "path": "registry/creative-tim/blocks/order-history-01/page.tsx",
      "content": "\"use client\"\n\nimport { Badge } from \"@/components/ui/badge\"\nimport { Button } from \"@/components/ui/button\"\nimport { Card, CardContent } from \"@/components/ui/card\"\nimport {\n  Table,\n  TableBody,\n  TableCell,\n  TableHead,\n  TableHeader,\n  TableRow,\n} from \"@/components/ui/table\"\n\nconst OPTIONS = [\n  {\n    data: \"Order ID\",\n    value: \"1234\",\n  },\n  {\n    data: \"Date of Placement\",\n    value: \"April 3, 2024\",\n  },\n  {\n    data: \"Amount\",\n    value: \"$2,570\",\n  },\n]\n\nconst TABLE_ROW = [\n  {\n    img: \"https://v3.material-tailwind.com/coat-1.png\",\n    product: \"Premium Suit\",\n    amount: \"$790\",\n    date: \"Apr 6, 2024\",\n  },\n  {\n    img: \"https://v3.material-tailwind.com/coat-2.png\",\n    product: \"Linen Suit\",\n    amount: \"$790\",\n    date: \"Apr 6, 2024\",\n  },\n  {\n    img: \"https://v3.material-tailwind.com/coat-3.png\",\n    product: \"Tweed Suit\",\n    amount: \"$990\",\n    date: \"Apr 6, 2024\",\n  },\n]\n\nconst TABLE_HEAD = [\"Product\", \"Amount\", \"Status\", \"Date\", \"Details\"]\n\nexport default function OrderHistory01() {\n  return (\n    <section className=\"py-16\">\n      <div className=\"container mx-auto\">\n        <h2 className=\"text-lg font-semibold\">Order History</h2>\n        <p className=\"text-muted-foreground mt-2\">\n          See your recent orders, download your invoices.\n        </p>\n        <Card className=\"mt-8 mb-4 py-0\">\n          <CardContent className=\"flex flex-wrap items-center justify-between gap-4 p-4\">\n            <div className=\"flex gap-10\">\n              {OPTIONS.map((option, i) => (\n                <div key={i}>\n                  <p className=\"text-muted-foreground mb-0.5 text-sm\">\n                    {option.data}\n                  </p>\n                  <p className=\"font-semibold\">{option.value}</p>\n                </div>\n              ))}\n            </div>\n            <Button>View Invoice</Button>\n          </CardContent>\n        </Card>\n        <Card>\n          <div className=\"overflow-x-auto\">\n            <Table>\n              <TableHeader>\n                <TableRow>\n                  {TABLE_HEAD.map((head) => (\n                    <TableHead key={head}>{head}</TableHead>\n                  ))}\n                </TableRow>\n              </TableHeader>\n              <TableBody>\n                {TABLE_ROW.map(({ img, product, amount, date }) => (\n                  <TableRow key={product}>\n                    <TableCell>\n                      <div className=\"flex items-center gap-3\">\n                        <img src={img} alt={product} className=\"h-16\" />\n                        <span className=\"text-sm font-semibold\">{product}</span>\n                      </div>\n                    </TableCell>\n                    <TableCell className=\"text-muted-foreground text-sm\">\n                      {amount}\n                    </TableCell>\n                    <TableCell>\n                      <Badge\n                        variant=\"secondary\"\n                        className=\"bg-green-100 text-green-700\"\n                      >\n                        Delivered\n                      </Badge>\n                    </TableCell>\n                    <TableCell className=\"text-muted-foreground text-sm\">\n                      {date}\n                    </TableCell>\n                    <TableCell>\n                      <Button size=\"sm\" variant=\"outline\">\n                        View\n                      </Button>\n                    </TableCell>\n                  </TableRow>\n                ))}\n              </TableBody>\n            </Table>\n          </div>\n        </Card>\n      </div>\n    </section>\n  )\n}\n",
      "type": "registry:page",
      "target": "app/order-history/page.tsx"
    }
  ],
  "meta": {
    "iframeHeight": "1000px",
    "container": "w-full bg-surface min-h-svh flex px-4 py-12 items-center md:py-20 justify-center min-w-0",
    "mobile": "component"
  },
  "categories": [
    "ecommerce"
  ]
}