{
  "$schema": "https://ui.shadcn.com/schema/registry-item.json",
  "name": "pagination",
  "type": "registry:ui",
  "registryDependencies": [
    "button"
  ],
  "files": [
    {
      "path": "registry/creative-tim/ui/pagination.tsx",
      "content": "import * as React from \"react\"\nimport {\n  ChevronLeftIcon,\n  ChevronRightIcon,\n  MoreHorizontalIcon,\n} from \"lucide-react\"\n\nimport { cn } from \"@/lib/utils\"\nimport { Button, buttonVariants } from \"@/components/ui/button\"\n\nfunction Pagination({ className, ...props }: React.ComponentProps<\"nav\">) {\n  return (\n    <nav\n      role=\"navigation\"\n      aria-label=\"pagination\"\n      data-slot=\"pagination\"\n      className={cn(\"mx-auto flex w-full justify-center\", className)}\n      {...props}\n    />\n  )\n}\n\nfunction PaginationContent({\n  className,\n  ...props\n}: React.ComponentProps<\"ul\">) {\n  return (\n    <ul\n      data-slot=\"pagination-content\"\n      className={cn(\"flex flex-row items-center gap-1\", className)}\n      {...props}\n    />\n  )\n}\n\nfunction PaginationItem({ ...props }: React.ComponentProps<\"li\">) {\n  return <li data-slot=\"pagination-item\" {...props} />\n}\n\ntype PaginationLinkProps = {\n  isActive?: boolean\n} & Pick<React.ComponentProps<typeof Button>, \"size\"> &\n  React.ComponentProps<\"a\">\n\nfunction PaginationLink({\n  className,\n  isActive,\n  size = \"icon\",\n  ...props\n}: PaginationLinkProps) {\n  return (\n    <a\n      aria-current={isActive ? \"page\" : undefined}\n      data-slot=\"pagination-link\"\n      data-active={isActive}\n      className={cn(\n        buttonVariants({\n          variant: isActive ? \"outline\" : \"ghost\",\n          size,\n        }),\n        className\n      )}\n      {...props}\n    />\n  )\n}\n\nfunction PaginationPrevious({\n  className,\n  ...props\n}: React.ComponentProps<typeof PaginationLink>) {\n  return (\n    <PaginationLink\n      aria-label=\"Go to previous page\"\n      size=\"default\"\n      className={cn(\"gap-1 px-2.5 sm:pl-2.5\", className)}\n      {...props}\n    >\n      <ChevronLeftIcon />\n      <span className=\"hidden sm:block\">Previous</span>\n    </PaginationLink>\n  )\n}\n\nfunction PaginationNext({\n  className,\n  ...props\n}: React.ComponentProps<typeof PaginationLink>) {\n  return (\n    <PaginationLink\n      aria-label=\"Go to next page\"\n      size=\"default\"\n      className={cn(\"gap-1 px-2.5 sm:pr-2.5\", className)}\n      {...props}\n    >\n      <span className=\"hidden sm:block\">Next</span>\n      <ChevronRightIcon />\n    </PaginationLink>\n  )\n}\n\nfunction PaginationEllipsis({\n  className,\n  ...props\n}: React.ComponentProps<\"span\">) {\n  return (\n    <span\n      aria-hidden\n      data-slot=\"pagination-ellipsis\"\n      className={cn(\"flex size-9 items-center justify-center\", className)}\n      {...props}\n    >\n      <MoreHorizontalIcon className=\"size-4\" />\n      <span className=\"sr-only\">More pages</span>\n    </span>\n  )\n}\n\nexport {\n  Pagination,\n  PaginationContent,\n  PaginationLink,\n  PaginationItem,\n  PaginationPrevious,\n  PaginationNext,\n  PaginationEllipsis,\n}\n",
      "type": "registry:ui"
    }
  ]
}