{
  "$schema": "https://ui.shadcn.com/schema/registry-item.json",
  "name": "product-listing-filters-01",
  "type": "registry:block",
  "description": "Product listing with filters and sort",
  "registryDependencies": [
    "button",
    "badge",
    "select"
  ],
  "files": [
    {
      "path": "registry/creative-tim/blocks/product-listing-filters-01/page.tsx",
      "content": "\"use client\"\n\nimport { useState } from \"react\"\nimport { Heart } from \"lucide-react\"\n\nimport { Badge } from \"@/components/ui/badge\"\nimport { Button } from \"@/components/ui/button\"\nimport {\n  Select,\n  SelectContent,\n  SelectItem,\n  SelectTrigger,\n  SelectValue,\n} from \"@/components/ui/select\"\n\nconst FILTERS = [\n  {\n    id: \"categories\",\n    label: \"Categories\",\n    options: [\"All\", \"Shirts\", \"Pants\", \"Sweaters\", \"Jackets\"],\n  },\n  {\n    id: \"size\",\n    label: \"Size\",\n    options: [\"All Sizes\", \"XS\", \"S\", \"M\", \"L\", \"XL\", \"XXL\"],\n  },\n  {\n    id: \"material\",\n    label: \"Material\",\n    options: [\"All Materials\", \"Cotton\", \"Cashmere\", \"Wool\", \"Silk\", \"Linen\"],\n  },\n  {\n    id: \"color\",\n    label: \"Color\",\n    options: [\"All Colors\", \"Black\", \"Blue\", \"Gray\", \"Brown\", \"White\", \"Navy\"],\n  },\n  {\n    id: \"pattern\",\n    label: \"Pattern\",\n    options: [\"All Patterns\", \"Solid\", \"Striped\", \"Cable-knit\", \"Printed\"],\n  },\n]\n\nconst PRODUCTS = [\n  {\n    id: 1,\n    image:\n      \"https://images.unsplash.com/photo-1574015974293-817f0ebebb74?ixlib=rb-4.1.0&ixid=M3wxMjA3fDB8MHxwaG90by1wYWdlfHx8fGVufDB8fHx8fA%3D%3D&auto=format&fit=crop&q=80&w=973\",\n    brand: \"Zegna\",\n    name: \"Cable-knit cashmere cardigan\",\n    price: \"€3,450\",\n    badge: \"Exclusive\",\n  },\n  {\n    id: 2,\n    image:\n      \"https://images.unsplash.com/photo-1559745482-57bfa9ca5a8a?ixlib=rb-4.1.0&ixid=M3wxMjA3fDB8MHxwaG90by1wYWdlfHx8fGVufDB8fHx8fA%3D%3D&auto=format&fit=crop&q=80&w=1481\",\n    brand: \"Zegna\",\n    name: \"Cotton and cashmere shirt\",\n    price: \"€675\",\n    badge: null,\n  },\n  {\n    id: 3,\n    image:\n      \"https://images.unsplash.com/photo-1737608734653-d1eaad541d46?ixlib=rb-4.1.0&ixid=M3wxMjA3fDB8MHxwaG90by1wYWdlfHx8fGVufDB8fHx8fA%3D%3D&auto=format&fit=crop&q=80&w=1027\",\n    brand: \"Zegna\",\n    name: \"Wool straight pants\",\n    price: \"€1,450\",\n    badge: \"Exclusive\",\n  },\n  {\n    id: 4,\n    image:\n      \"https://images.unsplash.com/photo-1661327930345-9c6714b603b3?auto=format&fit=crop&q=80&w=400&h=400\",\n    brand: \"Zegna\",\n    name: \"Cashmere sweater\",\n    price: \"€1,950\",\n    badge: \"New Arrival\",\n  },\n]\n\nexport default function ProductListingFilters01() {\n  const [favorites, setFavorites] = useState<number[]>([])\n  const [selectedFilters, setSelectedFilters] = useState<\n    Record<string, string>\n  >({})\n\n  const toggleFavorite = (productId: number) => {\n    setFavorites((prev) =>\n      prev.includes(productId)\n        ? prev.filter((id) => id !== productId)\n        : [...prev, productId]\n    )\n  }\n\n  return (\n    <section className=\"py-16\">\n      <div className=\"container mx-auto\">\n        <div className=\"mb-8 flex flex-wrap items-center justify-between gap-4\">\n          <div className=\"flex flex-wrap gap-2\">\n            {FILTERS.map((filter) => (\n              <Select\n                key={filter.id}\n                value={selectedFilters[filter.id] || filter.options[0]}\n                onValueChange={(value) =>\n                  setSelectedFilters((prev) => ({\n                    ...prev,\n                    [filter.id]: value,\n                  }))\n                }\n              >\n                <SelectTrigger className=\"w-[140px]\">\n                  <SelectValue placeholder={filter.label} />\n                </SelectTrigger>\n                <SelectContent>\n                  {filter.options.map((option) => (\n                    <SelectItem key={option} value={option}>\n                      {option}\n                    </SelectItem>\n                  ))}\n                </SelectContent>\n              </Select>\n            ))}\n          </div>\n          <div className=\"flex items-center gap-4\">\n            <span className=\"text-muted-foreground text-sm\">462 Products</span>\n            <Select defaultValue=\"featured\">\n              <SelectTrigger className=\"w-[180px]\">\n                <SelectValue placeholder=\"Sort by\" />\n              </SelectTrigger>\n              <SelectContent>\n                <SelectItem value=\"featured\">Featured</SelectItem>\n                <SelectItem value=\"price-low\">Price: Low to High</SelectItem>\n                <SelectItem value=\"price-high\">Price: High to Low</SelectItem>\n                <SelectItem value=\"newest\">Newest</SelectItem>\n              </SelectContent>\n            </Select>\n          </div>\n        </div>\n\n        <div className=\"grid grid-cols-1 gap-6 sm:grid-cols-2 lg:grid-cols-4\">\n          {PRODUCTS.map((product) => (\n            <div\n              key={product.id}\n              className=\"group bg-card relative overflow-hidden rounded-lg border transition-all hover:shadow-lg\"\n            >\n              {product.badge && (\n                <Badge\n                  variant=\"secondary\"\n                  className=\"absolute top-3 left-3 z-10 bg-white dark:bg-gray-900\"\n                >\n                  {product.badge}\n                </Badge>\n              )}\n              <button\n                onClick={() => toggleFavorite(product.id)}\n                className=\"absolute top-3 right-3 z-10 flex h-8 w-8 items-center justify-center rounded-full bg-white/90 backdrop-blur-sm transition-colors hover:bg-white dark:bg-gray-900/90 dark:hover:bg-gray-900\"\n              >\n                <Heart\n                  className={`h-4 w-4 transition-colors ${\n                    favorites.includes(product.id)\n                      ? \"fill-red-500 text-red-500\"\n                      : \"text-gray-600 dark:text-gray-400\"\n                  }`}\n                />\n              </button>\n\n              <div className=\"bg-muted/30 aspect-square overflow-hidden\">\n                <img\n                  src={product.image}\n                  alt={product.name}\n                  className=\"h-full w-full object-cover transition-transform duration-300 group-hover:scale-105\"\n                />\n              </div>\n\n              <div className=\"border-t p-4\">\n                <div className=\"mb-2 flex items-start justify-between gap-2\">\n                  <div className=\"flex-1\">\n                    <p className=\"text-sm font-semibold\">{product.brand}</p>\n                    <p className=\"text-muted-foreground mt-1 text-sm leading-tight\">\n                      {product.name}\n                    </p>\n                  </div>\n                </div>\n                <p className=\"mt-2 font-semibold\">{product.price}</p>\n              </div>\n            </div>\n          ))}\n        </div>\n      </div>\n    </section>\n  )\n}\n",
      "type": "registry:page",
      "target": "app/product-listing-filters/page.tsx"
    }
  ],
  "meta": {
    "iframeHeight": "900px",
    "container": "w-full bg-surface min-h-svh flex px-4 py-12 items-center md:py-20 justify-center min-w-0",
    "mobile": "component"
  },
  "categories": [
    "ecommerce"
  ]
}