{
  "$schema": "https://ui.shadcn.com/schema/registry-item.json",
  "name": "product-description-01",
  "type": "registry:block",
  "description": "Product description with gallery",
  "registryDependencies": [
    "button"
  ],
  "files": [
    {
      "path": "registry/creative-tim/blocks/product-description-01/page.tsx",
      "content": "\"use client\"\n\nimport { useState } from \"react\"\nimport {\n  ChevronRight,\n  Heart,\n  RotateCcw,\n  Shield,\n  Star,\n  Truck,\n} from \"lucide-react\"\n\nimport { Badge } from \"@/components/ui/badge\"\nimport { Button } from \"@/components/ui/button\"\nimport {\n  Select,\n  SelectContent,\n  SelectItem,\n  SelectTrigger,\n  SelectValue,\n} from \"@/components/ui/select\"\n\nconst IMAGES = [\n  { imgelink: \"https://v3.material-tailwind.com/coat-1.png\" },\n  { imgelink: \"https://v3.material-tailwind.com/coat-2.png\" },\n  { imgelink: \"https://v3.material-tailwind.com/coat-3.png\" },\n  { imgelink: \"https://v3.material-tailwind.com/coat-4.png\" },\n]\n\nconst SIZES = [\"32\", \"34\", \"36\", \"38\", \"40\", \"42\", \"44\"]\n\nconst COLORS = [\n  { name: \"Black\", hex: \"#1a1a1a\" },\n  { name: \"White\", hex: \"#ffffff\" },\n  { name: \"Gray\", hex: \"#e5e7eb\" },\n  { name: \"Navy\", hex: \"#1e3a8a\" },\n  { name: \"Brown\", hex: \"#92400e\" },\n]\n\nconst FEATURES = [\n  { icon: Truck, text: \"Free shipping over $150\" },\n  { icon: RotateCcw, text: \"Easy 30-day returns\" },\n  { icon: Shield, text: \"1-year warranty\" },\n]\n\nexport default function ProductDescription01() {\n  const [active, setActive] = useState(\n    \"https://v3.material-tailwind.com/coat-1.png\"\n  )\n  const [selectedSize, setSelectedSize] = useState(\"36\")\n  const [selectedColor, setSelectedColor] = useState(\"Black\")\n  const [isFavorite, setIsFavorite] = useState(false)\n\n  return (\n    <section className=\"min-h-screen bg-neutral-50 py-12\">\n      <div className=\"container mx-auto px-4\">\n        <nav className=\"mb-8 flex items-center gap-2 text-sm text-neutral-500\">\n          <a href=\"#\" className=\"hover:text-neutral-900\">\n            Home\n          </a>\n          <ChevronRight className=\"h-4 w-4\" />\n          <a href=\"#\" className=\"hover:text-neutral-900\">\n            Women\n          </a>\n          <ChevronRight className=\"h-4 w-4\" />\n          <a href=\"#\" className=\"hover:text-neutral-900\">\n            Outerwear\n          </a>\n          <ChevronRight className=\"h-4 w-4\" />\n          <span className=\"text-neutral-900\">Premium Winter Coat</span>\n        </nav>\n\n        <div className=\"grid grid-cols-1 gap-8 lg:grid-cols-2 lg:gap-12\">\n          <div>\n            <div className=\"overflow-hidden rounded-2xl bg-white\">\n              <img\n                src={active}\n                alt=\"Product\"\n                className=\"h-[500px] w-full object-cover object-center\"\n              />\n            </div>\n            <div className=\"mt-4 flex justify-center gap-3\">\n              {IMAGES.map(({ imgelink }, index) => (\n                <button\n                  key={index}\n                  onClick={() => setActive(imgelink)}\n                  className={`h-20 w-20 overflow-hidden rounded-lg border-2 transition-all ${\n                    active === imgelink\n                      ? \"border-neutral-900\"\n                      : \"border-neutral-200 hover:border-neutral-400\"\n                  }`}\n                >\n                  <img\n                    src={imgelink}\n                    alt={`Gallery ${index + 1}`}\n                    className=\"h-full w-full object-cover object-center\"\n                  />\n                </button>\n              ))}\n            </div>\n\n            <div className=\"mt-8 space-y-6\">\n              <div>\n                <h3 className=\"mb-3 text-lg font-medium text-neutral-900\">\n                  Product Description\n                </h3>\n                <p className=\"leading-relaxed text-neutral-600\">\n                  Experience luxury and comfort with this premium winter coat.\n                  Crafted from high-quality materials with meticulous attention\n                  to detail, this coat features a modern silhouette that\n                  flatters all body types. The water-resistant outer shell keeps\n                  you dry in light rain, while the insulated lining provides\n                  warmth without bulk.\n                </p>\n              </div>\n              <div>\n                <h3 className=\"mb-3 text-lg font-medium text-neutral-900\">\n                  Key Features\n                </h3>\n                <ul className=\"space-y-2 text-neutral-600\">\n                  <li className=\"flex items-start gap-2\">\n                    <span className=\"mt-1 h-1.5 w-1.5 flex-shrink-0 rounded-full bg-neutral-900\" />\n                    <span>\n                      Water-resistant fabric with breathable membrane technology\n                    </span>\n                  </li>\n                  <li className=\"flex items-start gap-2\">\n                    <span className=\"mt-1 h-1.5 w-1.5 flex-shrink-0 rounded-full bg-neutral-900\" />\n                    <span>\n                      Premium insulation for optimal warmth in cold weather\n                    </span>\n                  </li>\n                  <li className=\"flex items-start gap-2\">\n                    <span className=\"mt-1 h-1.5 w-1.5 flex-shrink-0 rounded-full bg-neutral-900\" />\n                    <span>Adjustable cuffs and hem for personalized fit</span>\n                  </li>\n                  <li className=\"flex items-start gap-2\">\n                    <span className=\"mt-1 h-1.5 w-1.5 flex-shrink-0 rounded-full bg-neutral-900\" />\n                    <span>\n                      Multiple interior and exterior pockets for storage\n                    </span>\n                  </li>\n                </ul>\n              </div>\n            </div>\n          </div>\n\n          <div className=\"flex flex-col\">\n            <Badge\n              variant=\"outline\"\n              className=\"mb-4 w-fit border-neutral-300 text-xs font-medium text-neutral-600\"\n            >\n              Limited Edition\n            </Badge>\n\n            <h1 className=\"mb-2 text-3xl font-light tracking-tight text-neutral-900 sm:text-4xl\">\n              Premium Winter Coat\n            </h1>\n\n            <div className=\"mb-6 flex items-center gap-4\">\n              <span className=\"text-2xl font-normal text-neutral-900\">\n                $1,290.00\n              </span>\n              <div className=\"flex items-center gap-1\">\n                <div className=\"flex\">\n                  {[...Array(5)].map((_, i) => (\n                    <Star\n                      key={i}\n                      className={`h-4 w-4 ${\n                        i < 4\n                          ? \"fill-neutral-900 text-neutral-900\"\n                          : \"fill-neutral-300 text-neutral-300\"\n                      }`}\n                    />\n                  ))}\n                </div>\n                <span className=\"text-sm text-neutral-500\">(100 reviews)</span>\n              </div>\n            </div>\n\n            <p className=\"mb-6 text-sm leading-relaxed text-neutral-600\">\n              Elevate your winter wardrobe with this sophisticated coat that\n              seamlessly blends style and functionality. Perfect for both\n              professional settings and casual outings.\n            </p>\n\n            <div className=\"mb-6 grid grid-cols-1 gap-4 sm:grid-cols-2\">\n              <div>\n                <p className=\"mb-3 text-sm font-medium text-neutral-900\">\n                  Color\n                </p>\n                <Select value={selectedColor} onValueChange={setSelectedColor}>\n                  <SelectTrigger className=\"w-full border-neutral-200\">\n                    <SelectValue />\n                  </SelectTrigger>\n                  <SelectContent>\n                    {COLORS.map((color) => (\n                      <SelectItem key={color.name} value={color.name}>\n                        <div className=\"flex items-center gap-2\">\n                          <div\n                            className=\"h-4 w-4 rounded-full border border-neutral-200\"\n                            style={{ backgroundColor: color.hex }}\n                          />\n                          <span>{color.name}</span>\n                        </div>\n                      </SelectItem>\n                    ))}\n                  </SelectContent>\n                </Select>\n              </div>\n\n              <div>\n                <p className=\"mb-3 text-sm font-medium text-neutral-900\">\n                  Size\n                </p>\n                <Select value={selectedSize} onValueChange={setSelectedSize}>\n                  <SelectTrigger className=\"w-full border-neutral-200\">\n                    <SelectValue />\n                  </SelectTrigger>\n                  <SelectContent>\n                    {SIZES.map((size) => (\n                      <SelectItem key={size} value={size}>\n                        {size}\n                      </SelectItem>\n                    ))}\n                  </SelectContent>\n                </Select>\n              </div>\n            </div>\n\n            <div className=\"mb-6 grid grid-cols-1 gap-4 sm:grid-cols-3\">\n              {FEATURES.map((feature, index) => (\n                <div\n                  key={index}\n                  className=\"flex flex-col items-center gap-2 rounded-lg border border-neutral-200 bg-white p-4 text-center\"\n                >\n                  <feature.icon className=\"h-5 w-5 flex-shrink-0 text-neutral-900\" />\n                  <span className=\"text-xs text-neutral-600\">\n                    {feature.text}\n                  </span>\n                </div>\n              ))}\n            </div>\n\n            <div className=\"flex flex-col gap-3 sm:flex-row\">\n              <Button\n                size=\"lg\"\n                className=\"flex-1 bg-neutral-900 text-white hover:bg-neutral-800\"\n              >\n                Add to Cart\n              </Button>\n              <Button\n                size=\"lg\"\n                variant=\"outline\"\n                className={`border-neutral-900 transition-colors ${\n                  isFavorite\n                    ? \"bg-neutral-900 text-white hover:bg-neutral-800\"\n                    : \"text-neutral-900 hover:bg-neutral-900 hover:text-white\"\n                }`}\n                onClick={() => setIsFavorite(!isFavorite)}\n              >\n                <Heart\n                  className={`h-5 w-5 ${isFavorite ? \"fill-current\" : \"\"}`}\n                />\n              </Button>\n            </div>\n          </div>\n        </div>\n      </div>\n    </section>\n  )\n}\n",
      "type": "registry:page",
      "target": "app/product-description/page.tsx"
    }
  ],
  "meta": {
    "iframeHeight": "1200px",
    "container": "w-full bg-surface min-h-svh flex px-4 py-12 items-center md:py-20 justify-center min-w-0",
    "mobile": "component"
  },
  "categories": [
    "ecommerce"
  ]
}