{
  "$schema": "https://ui.shadcn.com/schema/registry-item.json",
  "name": "product-details-01",
  "type": "registry:block",
  "description": "Product details with image carousel",
  "registryDependencies": [
    "button",
    "card"
  ],
  "files": [
    {
      "path": "registry/creative-tim/blocks/product-details-01/page.tsx",
      "content": "\"use client\"\n\nimport { useState } from \"react\"\nimport { ChevronLeft, ChevronRight, Heart } from \"lucide-react\"\n\nimport { Button } from \"@/components/ui/button\"\nimport { Card, CardContent } from \"@/components/ui/card\"\n\nconst IMAGES = [\n  \"https://v3.material-tailwind.com/coat-1.png\",\n  \"https://v3.material-tailwind.com/coat-2.png\",\n  \"https://v3.material-tailwind.com/coat-3.png\",\n]\n\nconst SIZES = [\"XS\", \"S\", \"M\", \"L\"]\n\nexport default function ProductDetails01() {\n  const [selectedSize, setSelectedSize] = useState(\"S\")\n  const [currentIndex, setCurrentIndex] = useState(0)\n\n  const nextSlide = () => {\n    setCurrentIndex((prev) => (prev + 1) % IMAGES.length)\n  }\n\n  const prevSlide = () => {\n    setCurrentIndex((prev) => (prev - 1 + IMAGES.length) % IMAGES.length)\n  }\n\n  return (\n    <section className=\"py-16\">\n      <div className=\"container mx-auto\">\n        <nav className=\"mb-4 flex text-sm\">\n          <a href=\"#\" className=\"text-muted-foreground hover:text-foreground\">\n            Store\n          </a>\n          <span className=\"mx-2\">/</span>\n          <a href=\"#\" className=\"text-muted-foreground hover:text-foreground\">\n            Designers\n          </a>\n          <span className=\"mx-2\">/</span>\n          <span className=\"text-foreground\">Pink Blouse</span>\n        </nav>\n        <div className=\"mt-4 grid grid-cols-1 items-center gap-10 md:grid-cols-2\">\n          <div>\n            <Card className=\"py-10\">\n              <CardContent className=\"relative p-0\">\n                <div className=\"overflow-hidden\">\n                  <img\n                    src={IMAGES[currentIndex]}\n                    alt={`Product ${currentIndex + 1}`}\n                    className=\"mx-auto h-[30rem] object-cover transition-transform duration-300\"\n                  />\n                </div>\n                <Button\n                  variant=\"ghost\"\n                  size=\"icon\"\n                  onClick={prevSlide}\n                  className=\"absolute top-1/2 left-2 -translate-y-1/2 rounded-full\"\n                >\n                  <ChevronLeft className=\"h-7 w-7\" />\n                </Button>\n                <Button\n                  variant=\"ghost\"\n                  size=\"icon\"\n                  onClick={nextSlide}\n                  className=\"absolute top-1/2 right-2 -translate-y-1/2 rounded-full\"\n                >\n                  <ChevronRight className=\"h-7 w-7\" />\n                </Button>\n              </CardContent>\n            </Card>\n          </div>\n          <div className=\"text-center\">\n            <h2 className=\"mb-6 text-2xl font-bold\">Pink Blouse</h2>\n            <p className=\"text-primary text-2xl font-semibold\">$1,290</p>\n            <div className=\"my-8 flex items-center justify-center gap-2\">\n              <div className=\"flex\">\n                {[1, 2, 3, 4].map((star) => (\n                  <svg\n                    key={star}\n                    className=\"h-5 w-5 fill-yellow-400\"\n                    viewBox=\"0 0 20 20\"\n                  >\n                    <path d=\"M10 15l-5.878 3.09 1.123-6.545L.489 6.91l6.572-.955L10 0l2.939 5.955 6.572.955-4.756 4.635 1.123 6.545z\" />\n                  </svg>\n                ))}\n                <svg className=\"h-5 w-5 fill-gray-300\" viewBox=\"0 0 20 20\">\n                  <path d=\"M10 15l-5.878 3.09 1.123-6.545L.489 6.91l6.572-.955L10 0l2.939 5.955 6.572.955-4.756 4.635 1.123 6.545z\" />\n                </svg>\n              </div>\n              <span className=\"text-sm font-semibold\">100 Reviews</span>\n            </div>\n            <p className=\"text-muted-foreground [text-wrap:_balance]\">\n              There&apos;s nothing I really wanted to do in life that I\n              wasn&apos;t able to get good at. That&apos;s my skill. I&apos;m\n              not really specifically talented at anything except for the\n              ability to learn.\n            </p>\n            <h3 className=\"mt-8 mb-4 text-center text-lg font-semibold\">\n              Color\n            </h3>\n            <div className=\"flex justify-center gap-2\">\n              <div className=\"h-5 w-5 cursor-pointer rounded bg-black\" />\n              <div className=\"h-5 w-5 cursor-pointer rounded border bg-white\" />\n              <div className=\"h-5 w-5 cursor-pointer rounded border bg-gray-200\" />\n            </div>\n            <h3 className=\"mt-8 mb-4 text-center text-lg font-semibold\">\n              Size\n            </h3>\n            <div className=\"flex items-center justify-center gap-4\">\n              {SIZES.map((size) => (\n                <Button\n                  key={size}\n                  onClick={() => setSelectedSize(size)}\n                  variant={size === selectedSize ? \"default\" : \"outline\"}\n                >\n                  {size}\n                </Button>\n              ))}\n            </div>\n            <div className=\"my-6 flex items-center justify-center gap-2\">\n              <Button size=\"lg\" className=\"w-full max-w-60\">\n                Add to Cart\n              </Button>\n              <Button size=\"lg\" variant=\"outline\" className=\"text-red-500\">\n                <Heart className=\"h-5 w-5\" />\n              </Button>\n            </div>\n          </div>\n        </div>\n      </div>\n    </section>\n  )\n}\n",
      "type": "registry:page",
      "target": "app/product-details/page.tsx"
    }
  ],
  "meta": {
    "iframeHeight": "1000px",
    "container": "w-full bg-surface min-h-svh flex px-4 py-12 items-center md:py-20 justify-center min-w-0",
    "mobile": "component"
  },
  "categories": [
    "ecommerce"
  ]
}