{
  "$schema": "https://ui.shadcn.com/schema/registry-item.json",
  "name": "progress",
  "type": "registry:ui",
  "dependencies": [
    "@radix-ui/react-progress"
  ],
  "files": [
    {
      "path": "registry/creative-tim/ui/progress.tsx",
      "content": "\"use client\"\n\nimport * as React from \"react\"\nimport * as ProgressPrimitive from \"@radix-ui/react-progress\"\n\nimport { cn } from \"@/lib/utils\"\n\nfunction Progress({\n  className,\n  value,\n  ...props\n}: React.ComponentProps<typeof ProgressPrimitive.Root>) {\n  return (\n    <ProgressPrimitive.Root\n      data-slot=\"progress\"\n      className={cn(\n        \"bg-primary/20 relative h-2 w-full overflow-hidden rounded-full\",\n        className\n      )}\n      {...props}\n    >\n      <ProgressPrimitive.Indicator\n        data-slot=\"progress-indicator\"\n        className=\"bg-primary h-full w-full flex-1 transition-all\"\n        style={{ transform: `translateX(-${100 - (value || 0)}%)` }}\n      />\n    </ProgressPrimitive.Root>\n  )\n}\n\nexport { Progress }\n",
      "type": "registry:ui"
    }
  ]
}