{
  "$schema": "https://ui.shadcn.com/schema/registry-item.json",
  "name": "sheet",
  "type": "registry:ui",
  "dependencies": [
    "@radix-ui/react-dialog"
  ],
  "files": [
    {
      "path": "registry/creative-tim/ui/sheet.tsx",
      "content": "\"use client\"\n\nimport * as React from \"react\"\nimport * as SheetPrimitive from \"@radix-ui/react-dialog\"\nimport { XIcon } from \"lucide-react\"\n\nimport { cn } from \"@/lib/utils\"\n\nfunction Sheet({ ...props }: React.ComponentProps<typeof SheetPrimitive.Root>) {\n  return <SheetPrimitive.Root data-slot=\"sheet\" {...props} />\n}\n\nfunction SheetTrigger({\n  ...props\n}: React.ComponentProps<typeof SheetPrimitive.Trigger>) {\n  return <SheetPrimitive.Trigger data-slot=\"sheet-trigger\" {...props} />\n}\n\nfunction SheetClose({\n  ...props\n}: React.ComponentProps<typeof SheetPrimitive.Close>) {\n  return <SheetPrimitive.Close data-slot=\"sheet-close\" {...props} />\n}\n\nfunction SheetPortal({\n  ...props\n}: React.ComponentProps<typeof SheetPrimitive.Portal>) {\n  return <SheetPrimitive.Portal data-slot=\"sheet-portal\" {...props} />\n}\n\nfunction SheetOverlay({\n  className,\n  ...props\n}: React.ComponentProps<typeof SheetPrimitive.Overlay>) {\n  return (\n    <SheetPrimitive.Overlay\n      data-slot=\"sheet-overlay\"\n      className={cn(\n        \"data-[state=open]:animate-in data-[state=closed]:animate-out data-[state=closed]:fade-out-0 data-[state=open]:fade-in-0 fixed inset-0 z-50 bg-black/50\",\n        className\n      )}\n      {...props}\n    />\n  )\n}\n\nfunction SheetContent({\n  className,\n  children,\n  side = \"right\",\n  ...props\n}: React.ComponentProps<typeof SheetPrimitive.Content> & {\n  side?: \"top\" | \"right\" | \"bottom\" | \"left\"\n}) {\n  return (\n    <SheetPortal>\n      <SheetOverlay />\n      <SheetPrimitive.Content\n        data-slot=\"sheet-content\"\n        className={cn(\n          \"bg-background data-[state=open]:animate-in data-[state=closed]:animate-out fixed z-50 flex flex-col gap-4 shadow-lg transition ease-in-out data-[state=closed]:duration-300 data-[state=open]:duration-500\",\n          side === \"right\" &&\n            \"data-[state=closed]:slide-out-to-right data-[state=open]:slide-in-from-right inset-y-0 right-0 h-full w-3/4 border-l sm:max-w-sm\",\n          side === \"left\" &&\n            \"data-[state=closed]:slide-out-to-left data-[state=open]:slide-in-from-left inset-y-0 left-0 h-full w-3/4 border-r sm:max-w-sm\",\n          side === \"top\" &&\n            \"data-[state=closed]:slide-out-to-top data-[state=open]:slide-in-from-top inset-x-0 top-0 h-auto border-b\",\n          side === \"bottom\" &&\n            \"data-[state=closed]:slide-out-to-bottom data-[state=open]:slide-in-from-bottom inset-x-0 bottom-0 h-auto border-t\",\n          className\n        )}\n        {...props}\n      >\n        {children}\n        <SheetPrimitive.Close className=\"ring-offset-background focus:ring-ring data-[state=open]:bg-secondary absolute top-4 right-4 rounded-xs opacity-70 transition-opacity hover:opacity-100 focus:ring-2 focus:ring-offset-2 focus:outline-hidden disabled:pointer-events-none\">\n          <XIcon className=\"size-4\" />\n          <span className=\"sr-only\">Close</span>\n        </SheetPrimitive.Close>\n      </SheetPrimitive.Content>\n    </SheetPortal>\n  )\n}\n\nfunction SheetHeader({ className, ...props }: React.ComponentProps<\"div\">) {\n  return (\n    <div\n      data-slot=\"sheet-header\"\n      className={cn(\"flex flex-col gap-1.5 p-4\", className)}\n      {...props}\n    />\n  )\n}\n\nfunction SheetFooter({ className, ...props }: React.ComponentProps<\"div\">) {\n  return (\n    <div\n      data-slot=\"sheet-footer\"\n      className={cn(\"mt-auto flex flex-col gap-2 p-4\", className)}\n      {...props}\n    />\n  )\n}\n\nfunction SheetTitle({\n  className,\n  ...props\n}: React.ComponentProps<typeof SheetPrimitive.Title>) {\n  return (\n    <SheetPrimitive.Title\n      data-slot=\"sheet-title\"\n      className={cn(\"text-foreground font-semibold\", className)}\n      {...props}\n    />\n  )\n}\n\nfunction SheetDescription({\n  className,\n  ...props\n}: React.ComponentProps<typeof SheetPrimitive.Description>) {\n  return (\n    <SheetPrimitive.Description\n      data-slot=\"sheet-description\"\n      className={cn(\"text-muted-foreground text-sm\", className)}\n      {...props}\n    />\n  )\n}\n\nexport {\n  Sheet,\n  SheetTrigger,\n  SheetClose,\n  SheetContent,\n  SheetHeader,\n  SheetFooter,\n  SheetTitle,\n  SheetDescription,\n}\n",
      "type": "registry:ui"
    }
  ]
}