{
  "$schema": "https://ui.shadcn.com/schema/registry-item.json",
  "name": "shopping-cart-01",
  "type": "registry:block",
  "description": "Shopping cart with summary",
  "registryDependencies": [
    "button",
    "card",
    "input",
    "select",
    "badge",
    "separator"
  ],
  "files": [
    {
      "path": "registry/creative-tim/blocks/shopping-cart-01/page.tsx",
      "content": "\"use client\"\n\nimport { Lock, Package, ShoppingBag, Tag, Truck, X } from \"lucide-react\"\n\nimport { Badge } from \"@/components/ui/badge\"\nimport { Button } from \"@/components/ui/button\"\nimport {\n  Card,\n  CardContent,\n  CardFooter,\n  CardHeader,\n  CardTitle,\n} from \"@/components/ui/card\"\nimport { Input } from \"@/components/ui/input\"\nimport {\n  Select,\n  SelectContent,\n  SelectItem,\n  SelectTrigger,\n  SelectValue,\n} from \"@/components/ui/select\"\nimport { Separator } from \"@/components/ui/separator\"\n\nconst CHECKOUT_PRODUCTS = [\n  {\n    name: \"Wool Suit\",\n    price: \"$1,300\",\n    product: \"Silk\",\n    size: \"XS\",\n    img: \"https://v3.material-tailwind.com/coat-2.png\",\n    stock: \"In Stock\",\n  },\n  {\n    name: \"Premium Suit\",\n    price: \"$700\",\n    product: \"Linen\",\n    size: \"M\",\n    img: \"https://v3.material-tailwind.com/coat-1.png\",\n    stock: \"In Stock\",\n  },\n]\n\nexport default function ShoppingCart01() {\n  return (\n    <section className=\"py-16\">\n      <div className=\"container mx-auto\">\n        <Card className=\"rounded-2xl shadow-lg\">\n          <CardHeader className=\"text-center\">\n            <div className=\"mb-4 flex items-center justify-center gap-2\">\n              <div className=\"bg-primary/10 flex h-14 w-14 items-center justify-center rounded-full\">\n                <ShoppingBag className=\"text-primary h-7 w-7\" />\n              </div>\n            </div>\n            <CardTitle className=\"text-4xl\">Shopping Cart</CardTitle>\n            <div className=\"mt-4 inline-flex items-center gap-2 rounded-full bg-green-50 px-5 py-2.5\">\n              <Truck className=\"h-5 w-5 text-green-600\" />\n              <p className=\"text-sm font-semibold text-green-700\">\n                You are eligible for Free Shipping\n              </p>\n            </div>\n          </CardHeader>\n          <CardContent>\n\n            <div className=\"grid w-full grid-cols-1 gap-8 lg:grid-cols-3\">\n              <div className=\"col-span-2\">\n                <Card className=\"border-2\">\n                  <CardHeader>\n                    <div className=\"flex items-center gap-2\">\n                      <Package className=\"text-primary h-5 w-5\" />\n                      <CardTitle className=\"text-xl\">\n                        Cart Items ({CHECKOUT_PRODUCTS.length})\n                      </CardTitle>\n                    </div>\n                  </CardHeader>\n                  <Separator />\n                  <CardContent className=\"p-0\">\n                    {CHECKOUT_PRODUCTS.map(\n                      ({ name, price, img, product, size, stock }, index) => (\n                        <div key={index}>\n                          <div className=\"p-6\">\n                            <div className=\"flex flex-col items-stretch gap-6 sm:flex-row\">\n                              <div className=\"bg-muted/50 h-36 w-36 shrink-0 overflow-hidden rounded-xl p-3\">\n                                <img\n                                  src={img}\n                                  alt={name}\n                                  className=\"h-full w-full object-cover\"\n                                />\n                              </div>\n                              <div className=\"flex h-auto flex-1 flex-col gap-4\">\n                                <div className=\"flex items-start justify-between gap-4\">\n                                  <div className=\"flex-1\">\n                                    <h4 className=\"text-xl font-bold\">\n                                      {name}\n                                    </h4>\n                                    <p className=\"text-muted-foreground mt-1.5 text-sm\">\n                                      {product}\n                                    </p>\n                                  </div>\n                                  <Button\n                                    size=\"icon\"\n                                    variant=\"ghost\"\n                                    className=\"text-muted-foreground hover:bg-destructive/10 hover:text-destructive h-9 w-9 rounded-full\"\n                                  >\n                                    <X className=\"h-5 w-5\" />\n                                  </Button>\n                                </div>\n\n                                <div className=\"flex flex-wrap items-center gap-2\">\n                                  <Badge\n                                    variant=\"outline\"\n                                    className=\"gap-1.5 px-3 py-1\"\n                                  >\n                                    <span className=\"text-xs\">Size:</span>\n                                    <span className=\"font-semibold\">\n                                      {size}\n                                    </span>\n                                  </Badge>\n                                  <Badge className=\"gap-1.5 border-green-200 bg-green-50 px-3 py-1 text-green-700 hover:bg-green-100\">\n                                    {stock}\n                                  </Badge>\n                                </div>\n\n                                <div className=\"mt-auto flex items-center justify-between\">\n                                  <div className=\"flex items-center gap-3\">\n                                    <span className=\"text-muted-foreground text-sm font-medium\">\n                                      Quantity:\n                                    </span>\n                                    <Select defaultValue=\"1\">\n                                      <SelectTrigger className=\"h-10 w-28\">\n                                        <SelectValue placeholder=\"Qty\" />\n                                      </SelectTrigger>\n                                      <SelectContent>\n                                        <SelectItem value=\"1\">1</SelectItem>\n                                        <SelectItem value=\"2\">2</SelectItem>\n                                        <SelectItem value=\"3\">3</SelectItem>\n                                        <SelectItem value=\"4\">4</SelectItem>\n                                        <SelectItem value=\"5\">5</SelectItem>\n                                      </SelectContent>\n                                    </Select>\n                                  </div>\n                                  <p className=\"text-primary text-2xl font-bold\">\n                                    {price}\n                                  </p>\n                                </div>\n                              </div>\n                            </div>\n                          </div>\n                          {index < CHECKOUT_PRODUCTS.length - 1 && (\n                            <Separator />\n                          )}\n                        </div>\n                      )\n                    )}\n                  </CardContent>\n                </Card>\n              </div>\n\n              <div className=\"col-span-1\">\n                <div className=\"sticky top-4\">\n                  <Card className=\"border-2\">\n                    <CardHeader>\n                      <CardTitle className=\"text-xl\">Order Summary</CardTitle>\n                    </CardHeader>\n                    <Separator />\n                    <CardContent className=\"p-0\">\n                      <div className=\"space-y-4 p-6\">\n                        <div className=\"flex items-center justify-between\">\n                          <span className=\"text-muted-foreground\">\n                            Subtotal\n                          </span>\n                          <span className=\"font-semibold\">$2,090</span>\n                        </div>\n                        <div className=\"flex items-center justify-between\">\n                          <span className=\"text-muted-foreground\">\n                            Shipping Tax\n                          </span>\n                          <span className=\"font-semibold text-green-600\">\n                            $0\n                          </span>\n                        </div>\n                      </div>\n\n                      <Separator />\n\n                      <div className=\"p-6\">\n                        <div className=\"mb-3 flex items-center gap-2\">\n                          <Tag className=\"text-muted-foreground h-4 w-4\" />\n                          <label className=\"text-sm font-semibold\">\n                            Promo Code\n                          </label>\n                        </div>\n                        <div className=\"flex items-center gap-2\">\n                          <Input\n                            type=\"text\"\n                            placeholder=\"Enter code\"\n                            className=\"flex-1\"\n                          />\n                          <Button variant=\"outline\" className=\"shrink-0\">\n                            Apply\n                          </Button>\n                        </div>\n                      </div>\n\n                      <Separator />\n\n                      <div className=\"bg-muted/30 space-y-4 p-6\">\n                        <div className=\"flex items-center justify-between\">\n                          <span className=\"text-lg font-bold\">Order Total</span>\n                          <span className=\"text-primary text-3xl font-bold\">\n                            $2,090\n                          </span>\n                        </div>\n                        <Button className=\"w-full gap-2\" size=\"lg\">\n                          <Lock className=\"h-5 w-5\" />\n                          Proceed to Checkout\n                        </Button>\n                      </div>\n                    </CardContent>\n                    <CardFooter className=\"bg-green-50\">\n                      <div className=\"flex items-start gap-3\">\n                        <div className=\"flex h-10 w-10 shrink-0 items-center justify-center rounded-full bg-green-100\">\n                          <Truck className=\"h-5 w-5 text-green-600\" />\n                        </div>\n                        <div>\n                          <p className=\"font-semibold text-green-900\">\n                            Free Shipping Applied\n                          </p>\n                          <p className=\"mt-1 text-sm text-green-700\">\n                            Estimated delivery: 3-5 business days\n                          </p>\n                        </div>\n                      </div>\n                    </CardFooter>\n                  </Card>\n                </div>\n              </div>\n            </div>\n          </CardContent>\n        </Card>\n      </div>\n    </section>\n  )\n}\n",
      "type": "registry:page",
      "target": "app/shopping-cart/page.tsx"
    }
  ],
  "meta": {
    "iframeHeight": "1200px",
    "container": "w-full bg-surface min-h-svh flex px-4 py-12 items-center md:py-20 justify-center min-w-0",
    "mobile": "component"
  },
  "categories": [
    "ecommerce"
  ]
}