{
  "$schema": "https://ui.shadcn.com/schema/registry-item.json",
  "name": "sidebar",
  "type": "registry:ui",
  "dependencies": [
    "@radix-ui/react-slot"
  ],
  "registryDependencies": [
    "button",
    "separator",
    "sheet",
    "skeleton",
    "tooltip"
  ],
  "files": [
    {
      "path": "registry/creative-tim/ui/sidebar.tsx",
      "content": "\"use client\"\n\nimport * as React from \"react\"\nimport { Slot } from \"@radix-ui/react-slot\"\nimport { cva, VariantProps } from \"class-variance-authority\"\nimport { PanelLeftIcon } from \"lucide-react\"\n\nimport { Button } from \"@/components/ui/button\"\nimport { Input } from \"@/components/ui/input\"\nimport { Separator } from \"@/components/ui/separator\"\nimport {\n  Sheet,\n  SheetContent,\n  SheetDescription,\n  SheetHeader,\n  SheetTitle,\n} from \"@/components/ui/sheet\"\nimport { Skeleton } from \"@/components/ui/skeleton\"\nimport {\n  Tooltip,\n  TooltipContent,\n  TooltipProvider,\n  TooltipTrigger,\n} from \"@/components/ui/tooltip\"\nimport { useIsMobile } from \"@/registry/creative-tim/hooks/use-mobile\"\nimport { cn } from \"@/registry/creative-tim/lib/utils\"\n\nconst SIDEBAR_COOKIE_NAME = \"sidebar_state\"\nconst SIDEBAR_COOKIE_MAX_AGE = 60 * 60 * 24 * 7\nconst SIDEBAR_WIDTH = \"16rem\"\nconst SIDEBAR_WIDTH_MOBILE = \"18rem\"\nconst SIDEBAR_WIDTH_ICON = \"3rem\"\nconst SIDEBAR_KEYBOARD_SHORTCUT = \"b\"\n\ntype SidebarContextProps = {\n  state: \"expanded\" | \"collapsed\"\n  open: boolean\n  setOpen: (open: boolean) => void\n  openMobile: boolean\n  setOpenMobile: (open: boolean) => void\n  isMobile: boolean\n  toggleSidebar: () => void\n}\n\nconst SidebarContext = React.createContext<SidebarContextProps | null>(null)\n\nfunction useSidebar() {\n  const context = React.useContext(SidebarContext)\n  if (!context) {\n    throw new Error(\"useSidebar must be used within a SidebarProvider.\")\n  }\n\n  return context\n}\n\nfunction SidebarProvider({\n  defaultOpen = true,\n  open: openProp,\n  onOpenChange: setOpenProp,\n  className,\n  style,\n  children,\n  ...props\n}: React.ComponentProps<\"div\"> & {\n  defaultOpen?: boolean\n  open?: boolean\n  onOpenChange?: (open: boolean) => void\n}) {\n  const isMobile = useIsMobile()\n  const [openMobile, setOpenMobile] = React.useState(false)\n\n  // This is the internal state of the sidebar.\n  // We use openProp and setOpenProp for control from outside the component.\n  const [_open, _setOpen] = React.useState(defaultOpen)\n  const open = openProp ?? _open\n  const setOpen = React.useCallback(\n    (value: boolean | ((value: boolean) => boolean)) => {\n      const openState = typeof value === \"function\" ? value(open) : value\n      if (setOpenProp) {\n        setOpenProp(openState)\n      } else {\n        _setOpen(openState)\n      }\n\n      // This sets the cookie to keep the sidebar state.\n      document.cookie = `${SIDEBAR_COOKIE_NAME}=${openState}; path=/; max-age=${SIDEBAR_COOKIE_MAX_AGE}`\n    },\n    [setOpenProp, open]\n  )\n\n  // Helper to toggle the sidebar.\n  const toggleSidebar = React.useCallback(() => {\n    return isMobile ? setOpenMobile((open) => !open) : setOpen((open) => !open)\n  }, [isMobile, setOpen, setOpenMobile])\n\n  // Adds a keyboard shortcut to toggle the sidebar.\n  React.useEffect(() => {\n    const handleKeyDown = (event: KeyboardEvent) => {\n      if (\n        event.key === SIDEBAR_KEYBOARD_SHORTCUT &&\n        (event.metaKey || event.ctrlKey)\n      ) {\n        event.preventDefault()\n        toggleSidebar()\n      }\n    }\n\n    window.addEventListener(\"keydown\", handleKeyDown)\n    return () => window.removeEventListener(\"keydown\", handleKeyDown)\n  }, [toggleSidebar])\n\n  // We add a state so that we can do data-state=\"expanded\" or \"collapsed\".\n  // This makes it easier to style the sidebar with Tailwind classes.\n  const state = open ? \"expanded\" : \"collapsed\"\n\n  const contextValue = React.useMemo<SidebarContextProps>(\n    () => ({\n      state,\n      open,\n      setOpen,\n      isMobile,\n      openMobile,\n      setOpenMobile,\n      toggleSidebar,\n    }),\n    [state, open, setOpen, isMobile, openMobile, setOpenMobile, toggleSidebar]\n  )\n\n  return (\n    <SidebarContext.Provider value={contextValue}>\n      <TooltipProvider delayDuration={0}>\n        <div\n          data-slot=\"sidebar-wrapper\"\n          style={\n            {\n              \"--sidebar-width\": SIDEBAR_WIDTH,\n              \"--sidebar-width-icon\": SIDEBAR_WIDTH_ICON,\n              ...style,\n            } as React.CSSProperties\n          }\n          className={cn(\n            \"group/sidebar-wrapper has-data-[variant=inset]:bg-sidebar flex min-h-svh w-full\",\n            className\n          )}\n          {...props}\n        >\n          {children}\n        </div>\n      </TooltipProvider>\n    </SidebarContext.Provider>\n  )\n}\n\nfunction Sidebar({\n  side = \"left\",\n  variant = \"sidebar\",\n  collapsible = \"offcanvas\",\n  className,\n  children,\n  ...props\n}: React.ComponentProps<\"div\"> & {\n  side?: \"left\" | \"right\"\n  variant?: \"sidebar\" | \"floating\" | \"inset\"\n  collapsible?: \"offcanvas\" | \"icon\" | \"none\"\n}) {\n  const { isMobile, state, openMobile, setOpenMobile } = useSidebar()\n\n  if (collapsible === \"none\") {\n    return (\n      <div\n        data-slot=\"sidebar\"\n        className={cn(\n          \"bg-sidebar text-sidebar-foreground flex h-full w-(--sidebar-width) flex-col\",\n          className\n        )}\n        {...props}\n      >\n        {children}\n      </div>\n    )\n  }\n\n  if (isMobile) {\n    return (\n      <Sheet open={openMobile} onOpenChange={setOpenMobile} {...props}>\n        <SheetContent\n          data-sidebar=\"sidebar\"\n          data-slot=\"sidebar\"\n          data-mobile=\"true\"\n          className=\"bg-sidebar text-sidebar-foreground w-(--sidebar-width) p-0 [&>button]:hidden\"\n          style={\n            {\n              \"--sidebar-width\": SIDEBAR_WIDTH_MOBILE,\n            } as React.CSSProperties\n          }\n          side={side}\n        >\n          <SheetHeader className=\"sr-only\">\n            <SheetTitle>Sidebar</SheetTitle>\n            <SheetDescription>Displays the mobile sidebar.</SheetDescription>\n          </SheetHeader>\n          <div className=\"flex h-full w-full flex-col\">{children}</div>\n        </SheetContent>\n      </Sheet>\n    )\n  }\n\n  return (\n    <div\n      className=\"group peer text-sidebar-foreground hidden md:block\"\n      data-state={state}\n      data-collapsible={state === \"collapsed\" ? collapsible : \"\"}\n      data-variant={variant}\n      data-side={side}\n      data-slot=\"sidebar\"\n    >\n      {/* This is what handles the sidebar gap on desktop */}\n      <div\n        data-slot=\"sidebar-gap\"\n        className={cn(\n          \"relative w-(--sidebar-width) bg-transparent transition-[width] duration-200 ease-linear\",\n          \"group-data-[collapsible=offcanvas]:w-0\",\n          \"group-data-[side=right]:rotate-180\",\n          variant === \"floating\" || variant === \"inset\"\n            ? \"group-data-[collapsible=icon]:w-[calc(var(--sidebar-width-icon)+(--spacing(4)))]\"\n            : \"group-data-[collapsible=icon]:w-(--sidebar-width-icon)\"\n        )}\n      />\n      <div\n        data-slot=\"sidebar-container\"\n        className={cn(\n          \"fixed inset-y-0 z-10 hidden h-svh w-(--sidebar-width) transition-[left,right,width] duration-200 ease-linear md:flex\",\n          side === \"left\"\n            ? \"left-0 group-data-[collapsible=offcanvas]:left-[calc(var(--sidebar-width)*-1)]\"\n            : \"right-0 group-data-[collapsible=offcanvas]:right-[calc(var(--sidebar-width)*-1)]\",\n          // Adjust the padding for floating and inset variants.\n          variant === \"floating\" || variant === \"inset\"\n            ? \"p-2 group-data-[collapsible=icon]:w-[calc(var(--sidebar-width-icon)+(--spacing(4))+2px)]\"\n            : \"group-data-[collapsible=icon]:w-(--sidebar-width-icon) group-data-[side=left]:border-r group-data-[side=right]:border-l\",\n          className\n        )}\n        {...props}\n      >\n        <div\n          data-sidebar=\"sidebar\"\n          data-slot=\"sidebar-inner\"\n          className=\"bg-sidebar group-data-[variant=floating]:border-sidebar-border flex h-full w-full flex-col group-data-[variant=floating]:rounded-lg group-data-[variant=floating]:border group-data-[variant=floating]:shadow-sm\"\n        >\n          {children}\n        </div>\n      </div>\n    </div>\n  )\n}\n\nfunction SidebarTrigger({\n  className,\n  onClick,\n  ...props\n}: React.ComponentProps<typeof Button>) {\n  const { toggleSidebar } = useSidebar()\n\n  return (\n    <Button\n      data-sidebar=\"trigger\"\n      data-slot=\"sidebar-trigger\"\n      variant=\"ghost\"\n      size=\"icon\"\n      className={cn(\"size-7\", className)}\n      onClick={(event) => {\n        onClick?.(event)\n        toggleSidebar()\n      }}\n      {...props}\n    >\n      <PanelLeftIcon />\n      <span className=\"sr-only\">Toggle Sidebar</span>\n    </Button>\n  )\n}\n\nfunction SidebarRail({ className, ...props }: React.ComponentProps<\"button\">) {\n  const { toggleSidebar } = useSidebar()\n\n  return (\n    <button\n      data-sidebar=\"rail\"\n      data-slot=\"sidebar-rail\"\n      aria-label=\"Toggle Sidebar\"\n      tabIndex={-1}\n      onClick={toggleSidebar}\n      title=\"Toggle Sidebar\"\n      className={cn(\n        \"hover:after:bg-sidebar-border absolute inset-y-0 z-20 hidden w-4 -translate-x-1/2 transition-all ease-linear group-data-[side=left]:-right-4 group-data-[side=right]:left-0 after:absolute after:inset-y-0 after:left-1/2 after:w-[2px] sm:flex\",\n        \"in-data-[side=left]:cursor-w-resize in-data-[side=right]:cursor-e-resize\",\n        \"[[data-side=left][data-state=collapsed]_&]:cursor-e-resize [[data-side=right][data-state=collapsed]_&]:cursor-w-resize\",\n        \"hover:group-data-[collapsible=offcanvas]:bg-sidebar group-data-[collapsible=offcanvas]:translate-x-0 group-data-[collapsible=offcanvas]:after:left-full\",\n        \"[[data-side=left][data-collapsible=offcanvas]_&]:-right-2\",\n        \"[[data-side=right][data-collapsible=offcanvas]_&]:-left-2\",\n        className\n      )}\n      {...props}\n    />\n  )\n}\n\nfunction SidebarInset({ className, ...props }: React.ComponentProps<\"main\">) {\n  return (\n    <main\n      data-slot=\"sidebar-inset\"\n      className={cn(\n        \"bg-background relative flex w-full flex-1 flex-col\",\n        \"md:peer-data-[variant=inset]:m-2 md:peer-data-[variant=inset]:ml-0 md:peer-data-[variant=inset]:rounded-xl md:peer-data-[variant=inset]:shadow-sm md:peer-data-[variant=inset]:peer-data-[state=collapsed]:ml-2\",\n        className\n      )}\n      {...props}\n    />\n  )\n}\n\nfunction SidebarInput({\n  className,\n  ...props\n}: React.ComponentProps<typeof Input>) {\n  return (\n    <Input\n      data-slot=\"sidebar-input\"\n      data-sidebar=\"input\"\n      className={cn(\"bg-background h-8 w-full shadow-none\", className)}\n      {...props}\n    />\n  )\n}\n\nfunction SidebarHeader({ className, ...props }: React.ComponentProps<\"div\">) {\n  return (\n    <div\n      data-slot=\"sidebar-header\"\n      data-sidebar=\"header\"\n      className={cn(\"flex flex-col gap-2 p-2\", className)}\n      {...props}\n    />\n  )\n}\n\nfunction SidebarFooter({ className, ...props }: React.ComponentProps<\"div\">) {\n  return (\n    <div\n      data-slot=\"sidebar-footer\"\n      data-sidebar=\"footer\"\n      className={cn(\"flex flex-col gap-2 p-2\", className)}\n      {...props}\n    />\n  )\n}\n\nfunction SidebarSeparator({\n  className,\n  ...props\n}: React.ComponentProps<typeof Separator>) {\n  return (\n    <Separator\n      data-slot=\"sidebar-separator\"\n      data-sidebar=\"separator\"\n      className={cn(\"bg-sidebar-border mx-2 w-auto\", className)}\n      {...props}\n    />\n  )\n}\n\nfunction SidebarContent({ className, ...props }: React.ComponentProps<\"div\">) {\n  return (\n    <div\n      data-slot=\"sidebar-content\"\n      data-sidebar=\"content\"\n      className={cn(\n        \"flex min-h-0 flex-1 flex-col gap-2 overflow-auto group-data-[collapsible=icon]:overflow-hidden\",\n        className\n      )}\n      {...props}\n    />\n  )\n}\n\nfunction SidebarGroup({ className, ...props }: React.ComponentProps<\"div\">) {\n  return (\n    <div\n      data-slot=\"sidebar-group\"\n      data-sidebar=\"group\"\n      className={cn(\"relative flex w-full min-w-0 flex-col p-2\", className)}\n      {...props}\n    />\n  )\n}\n\nfunction SidebarGroupLabel({\n  className,\n  asChild = false,\n  ...props\n}: React.ComponentProps<\"div\"> & { asChild?: boolean }) {\n  const Comp = asChild ? Slot : \"div\"\n\n  return (\n    <Comp\n      data-slot=\"sidebar-group-label\"\n      data-sidebar=\"group-label\"\n      className={cn(\n        \"text-sidebar-foreground/70 ring-sidebar-ring flex h-8 shrink-0 items-center rounded-md px-2 text-xs font-medium outline-hidden transition-[margin,opacity] duration-200 ease-linear focus-visible:ring-2 [&>svg]:size-4 [&>svg]:shrink-0\",\n        \"group-data-[collapsible=icon]:-mt-8 group-data-[collapsible=icon]:opacity-0\",\n        className\n      )}\n      {...props}\n    />\n  )\n}\n\nfunction SidebarGroupAction({\n  className,\n  asChild = false,\n  ...props\n}: React.ComponentProps<\"button\"> & { asChild?: boolean }) {\n  const Comp = asChild ? Slot : \"button\"\n\n  return (\n    <Comp\n      data-slot=\"sidebar-group-action\"\n      data-sidebar=\"group-action\"\n      className={cn(\n        \"text-sidebar-foreground ring-sidebar-ring hover:bg-sidebar-accent hover:text-sidebar-accent-foreground absolute top-3.5 right-3 flex aspect-square w-5 items-center justify-center rounded-md p-0 outline-hidden transition-transform focus-visible:ring-2 [&>svg]:size-4 [&>svg]:shrink-0\",\n        // Increases the hit area of the button on mobile.\n        \"after:absolute after:-inset-2 md:after:hidden\",\n        \"group-data-[collapsible=icon]:hidden\",\n        className\n      )}\n      {...props}\n    />\n  )\n}\n\nfunction SidebarGroupContent({\n  className,\n  ...props\n}: React.ComponentProps<\"div\">) {\n  return (\n    <div\n      data-slot=\"sidebar-group-content\"\n      data-sidebar=\"group-content\"\n      className={cn(\"w-full text-sm\", className)}\n      {...props}\n    />\n  )\n}\n\nfunction SidebarMenu({ className, ...props }: React.ComponentProps<\"ul\">) {\n  return (\n    <ul\n      data-slot=\"sidebar-menu\"\n      data-sidebar=\"menu\"\n      className={cn(\"flex w-full min-w-0 flex-col gap-1\", className)}\n      {...props}\n    />\n  )\n}\n\nfunction SidebarMenuItem({ className, ...props }: React.ComponentProps<\"li\">) {\n  return (\n    <li\n      data-slot=\"sidebar-menu-item\"\n      data-sidebar=\"menu-item\"\n      className={cn(\"group/menu-item relative\", className)}\n      {...props}\n    />\n  )\n}\n\nconst sidebarMenuButtonVariants = cva(\n  \"peer/menu-button flex w-full items-center gap-2 overflow-hidden rounded-md p-2 text-left text-sm outline-hidden ring-sidebar-ring transition-[width,height,padding] hover:bg-sidebar-accent hover:text-sidebar-accent-foreground focus-visible:ring-2 active:bg-sidebar-accent active:text-sidebar-accent-foreground disabled:pointer-events-none disabled:opacity-50 group-has-data-[sidebar=menu-action]/menu-item:pr-8 aria-disabled:pointer-events-none aria-disabled:opacity-50 data-[active=true]:bg-sidebar-accent data-[active=true]:font-medium data-[active=true]:text-sidebar-accent-foreground data-[state=open]:hover:bg-sidebar-accent data-[state=open]:hover:text-sidebar-accent-foreground group-data-[collapsible=icon]:size-8! group-data-[collapsible=icon]:p-2! [&>span:last-child]:truncate [&>svg]:size-4 [&>svg]:shrink-0\",\n  {\n    variants: {\n      variant: {\n        default: \"hover:bg-sidebar-accent hover:text-sidebar-accent-foreground\",\n        outline:\n          \"bg-background shadow-[0_0_0_1px_hsl(var(--sidebar-border))] hover:bg-sidebar-accent hover:text-sidebar-accent-foreground hover:shadow-[0_0_0_1px_hsl(var(--sidebar-accent))]\",\n      },\n      size: {\n        default: \"h-8 text-sm\",\n        sm: \"h-7 text-xs\",\n        lg: \"h-12 text-sm group-data-[collapsible=icon]:p-0!\",\n      },\n    },\n    defaultVariants: {\n      variant: \"default\",\n      size: \"default\",\n    },\n  }\n)\n\nfunction SidebarMenuButton({\n  asChild = false,\n  isActive = false,\n  variant = \"default\",\n  size = \"default\",\n  tooltip,\n  className,\n  ...props\n}: React.ComponentProps<\"button\"> & {\n  asChild?: boolean\n  isActive?: boolean\n  tooltip?: string | React.ComponentProps<typeof TooltipContent>\n} & VariantProps<typeof sidebarMenuButtonVariants>) {\n  const Comp = asChild ? Slot : \"button\"\n  const { isMobile, state } = useSidebar()\n\n  const button = (\n    <Comp\n      data-slot=\"sidebar-menu-button\"\n      data-sidebar=\"menu-button\"\n      data-size={size}\n      data-active={isActive}\n      className={cn(sidebarMenuButtonVariants({ variant, size }), className)}\n      {...props}\n    />\n  )\n\n  if (!tooltip) {\n    return button\n  }\n\n  if (typeof tooltip === \"string\") {\n    tooltip = {\n      children: tooltip,\n    }\n  }\n\n  return (\n    <Tooltip>\n      <TooltipTrigger asChild>{button}</TooltipTrigger>\n      <TooltipContent\n        side=\"right\"\n        align=\"center\"\n        hidden={state !== \"collapsed\" || isMobile}\n        {...tooltip}\n      />\n    </Tooltip>\n  )\n}\n\nfunction SidebarMenuAction({\n  className,\n  asChild = false,\n  showOnHover = false,\n  ...props\n}: React.ComponentProps<\"button\"> & {\n  asChild?: boolean\n  showOnHover?: boolean\n}) {\n  const Comp = asChild ? Slot : \"button\"\n\n  return (\n    <Comp\n      data-slot=\"sidebar-menu-action\"\n      data-sidebar=\"menu-action\"\n      className={cn(\n        \"text-sidebar-foreground ring-sidebar-ring hover:bg-sidebar-accent hover:text-sidebar-accent-foreground peer-hover/menu-button:text-sidebar-accent-foreground absolute top-1.5 right-1 flex aspect-square w-5 items-center justify-center rounded-md p-0 outline-hidden transition-transform focus-visible:ring-2 [&>svg]:size-4 [&>svg]:shrink-0\",\n        // Increases the hit area of the button on mobile.\n        \"after:absolute after:-inset-2 md:after:hidden\",\n        \"peer-data-[size=sm]/menu-button:top-1\",\n        \"peer-data-[size=default]/menu-button:top-1.5\",\n        \"peer-data-[size=lg]/menu-button:top-2.5\",\n        \"group-data-[collapsible=icon]:hidden\",\n        showOnHover &&\n          \"peer-data-[active=true]/menu-button:text-sidebar-accent-foreground group-focus-within/menu-item:opacity-100 group-hover/menu-item:opacity-100 data-[state=open]:opacity-100 md:opacity-0\",\n        className\n      )}\n      {...props}\n    />\n  )\n}\n\nfunction SidebarMenuBadge({\n  className,\n  ...props\n}: React.ComponentProps<\"div\">) {\n  return (\n    <div\n      data-slot=\"sidebar-menu-badge\"\n      data-sidebar=\"menu-badge\"\n      className={cn(\n        \"text-sidebar-foreground pointer-events-none absolute right-1 flex h-5 min-w-5 items-center justify-center rounded-md px-1 text-xs font-medium tabular-nums select-none\",\n        \"peer-hover/menu-button:text-sidebar-accent-foreground peer-data-[active=true]/menu-button:text-sidebar-accent-foreground\",\n        \"peer-data-[size=sm]/menu-button:top-1\",\n        \"peer-data-[size=default]/menu-button:top-1.5\",\n        \"peer-data-[size=lg]/menu-button:top-2.5\",\n        \"group-data-[collapsible=icon]:hidden\",\n        className\n      )}\n      {...props}\n    />\n  )\n}\n\nfunction SidebarMenuSkeleton({\n  className,\n  showIcon = false,\n  ...props\n}: React.ComponentProps<\"div\"> & {\n  showIcon?: boolean\n}) {\n  // Random width between 50 to 90%.\n  const width = React.useMemo(() => {\n    return `${Math.floor(Math.random() * 40) + 50}%`\n  }, [])\n\n  return (\n    <div\n      data-slot=\"sidebar-menu-skeleton\"\n      data-sidebar=\"menu-skeleton\"\n      className={cn(\"flex h-8 items-center gap-2 rounded-md px-2\", className)}\n      {...props}\n    >\n      {showIcon && (\n        <Skeleton\n          className=\"size-4 rounded-md\"\n          data-sidebar=\"menu-skeleton-icon\"\n        />\n      )}\n      <Skeleton\n        className=\"h-4 max-w-(--skeleton-width) flex-1\"\n        data-sidebar=\"menu-skeleton-text\"\n        style={\n          {\n            \"--skeleton-width\": width,\n          } as React.CSSProperties\n        }\n      />\n    </div>\n  )\n}\n\nfunction SidebarMenuSub({ className, ...props }: React.ComponentProps<\"ul\">) {\n  return (\n    <ul\n      data-slot=\"sidebar-menu-sub\"\n      data-sidebar=\"menu-sub\"\n      className={cn(\n        \"border-sidebar-border mx-3.5 flex min-w-0 translate-x-px flex-col gap-1 border-l px-2.5 py-0.5\",\n        \"group-data-[collapsible=icon]:hidden\",\n        className\n      )}\n      {...props}\n    />\n  )\n}\n\nfunction SidebarMenuSubItem({\n  className,\n  ...props\n}: React.ComponentProps<\"li\">) {\n  return (\n    <li\n      data-slot=\"sidebar-menu-sub-item\"\n      data-sidebar=\"menu-sub-item\"\n      className={cn(\"group/menu-sub-item relative\", className)}\n      {...props}\n    />\n  )\n}\n\nfunction SidebarMenuSubButton({\n  asChild = false,\n  size = \"md\",\n  isActive = false,\n  className,\n  ...props\n}: React.ComponentProps<\"a\"> & {\n  asChild?: boolean\n  size?: \"sm\" | \"md\"\n  isActive?: boolean\n}) {\n  const Comp = asChild ? Slot : \"a\"\n\n  return (\n    <Comp\n      data-slot=\"sidebar-menu-sub-button\"\n      data-sidebar=\"menu-sub-button\"\n      data-size={size}\n      data-active={isActive}\n      className={cn(\n        \"text-sidebar-foreground ring-sidebar-ring hover:bg-sidebar-accent hover:text-sidebar-accent-foreground active:bg-sidebar-accent active:text-sidebar-accent-foreground [&>svg]:text-sidebar-accent-foreground flex h-7 min-w-0 -translate-x-px items-center gap-2 overflow-hidden rounded-md px-2 outline-hidden focus-visible:ring-2 disabled:pointer-events-none disabled:opacity-50 aria-disabled:pointer-events-none aria-disabled:opacity-50 [&>span:last-child]:truncate [&>svg]:size-4 [&>svg]:shrink-0\",\n        \"data-[active=true]:bg-sidebar-accent data-[active=true]:text-sidebar-accent-foreground\",\n        size === \"sm\" && \"text-xs\",\n        size === \"md\" && \"text-sm\",\n        \"group-data-[collapsible=icon]:hidden\",\n        className\n      )}\n      {...props}\n    />\n  )\n}\n\nexport {\n  Sidebar,\n  SidebarContent,\n  SidebarFooter,\n  SidebarGroup,\n  SidebarGroupAction,\n  SidebarGroupContent,\n  SidebarGroupLabel,\n  SidebarHeader,\n  SidebarInput,\n  SidebarInset,\n  SidebarMenu,\n  SidebarMenuAction,\n  SidebarMenuBadge,\n  SidebarMenuButton,\n  SidebarMenuItem,\n  SidebarMenuSkeleton,\n  SidebarMenuSub,\n  SidebarMenuSubButton,\n  SidebarMenuSubItem,\n  SidebarProvider,\n  SidebarRail,\n  SidebarSeparator,\n  SidebarTrigger,\n  useSidebar,\n}\n",
      "type": "registry:ui"
    }
  ]
}