{
  "$schema": "https://ui.shadcn.com/schema/registry-item.json",
  "name": "simple-blog-content-01",
  "type": "registry:block",
  "description": "Simple blog content cards",
  "registryDependencies": [
    "avatar",
    "badge",
    "card"
  ],
  "files": [
    {
      "path": "registry/creative-tim/blocks/simple-blog-content-01/page.tsx",
      "content": "\"use client\"\n\nimport { Avatar, AvatarFallback, AvatarImage } from \"@/components/ui/avatar\"\nimport { Badge } from \"@/components/ui/badge\"\nimport {\n  Card,\n  CardContent,\n  CardDescription,\n  CardFooter,\n  CardHeader,\n  CardTitle,\n} from \"@/components/ui/card\"\n\nconst POSTS = [\n  {\n    img: \"https://images.unsplash.com/photo-1497366216548-37526070297c?w=800&auto=format&fit=crop\",\n    tag: \"House\",\n    title: \"Shared Coworking\",\n    desc: \"Use border utilities to quickly style the border and border-radius of an element. Great for images, buttons.\",\n    date: \"Posted on 26 May\",\n    author: {\n      img: \"https://images.unsplash.com/photo-1472099645785-5658abf4ff4e?w=400&h=400&auto=format&fit=crop\",\n      name: \"Otto Gonzalez\",\n    },\n  },\n  {\n    img: \"https://images.unsplash.com/photo-1497366811353-6870744d04b2?w=800&auto=format&fit=crop\",\n    tag: \"Office\",\n    title: \"Really Housekeeping\",\n    desc: \"Use border utilities to quickly style the border and border-radius of an element. Great for images, buttons.\",\n    date: \"Posted on 03 May\",\n    author: {\n      img: \"https://images.unsplash.com/photo-1500648767791-00dcc994a43e?w=400&h=400&auto=format&fit=crop\",\n      name: \"Chriss Smahos\",\n    },\n  },\n  {\n    img: \"https://images.unsplash.com/photo-1497366754035-f200968a6e72?w=800&auto=format&fit=crop\",\n    tag: \"Hub\",\n    title: \"Coworking Office\",\n    desc: \"Use border utilities to quickly style the border and border-radius of an element. Great for images, buttons.\",\n    date: \"Posted on 12 April\",\n    author: {\n      img: \"https://images.unsplash.com/photo-1494790108377-be9c29b29330?w=400&h=400&auto=format&fit=crop\",\n      name: \"Elijah Miller\",\n    },\n  },\n]\n\nexport default function SimpleBlogContent01() {\n  return (\n    <section className=\"py-16\">\n      <div className=\"container mx-auto grid grid-cols-1 items-start gap-6 md:grid-cols-2 lg:grid-cols-3\">\n        {POSTS.map(({ img, tag, title, desc, date, author }) => (\n          <Card key={title} className=\"overflow-hidden py-0\">\n            <CardHeader className=\"p-4 pb-0\">\n              <div className=\"relative h-60 w-full overflow-hidden rounded-lg\">\n                <img\n                  src={img}\n                  alt={title}\n                  className=\"h-full w-full object-cover object-center\"\n                />\n              </div>\n            </CardHeader>\n            <CardContent className=\"px-6\">\n              <Badge variant=\"secondary\" className=\"mb-2\">\n                {tag}\n              </Badge>\n              <CardTitle className=\"mb-2 text-xl\">{title}</CardTitle>\n              <CardDescription>{desc}</CardDescription>\n            </CardContent>\n            <CardFooter className=\"flex items-center gap-3 p-6 pt-0\">\n              <Avatar>\n                <AvatarImage src={author.img} alt={author.name} />\n                <AvatarFallback>{author.name.charAt(0)}</AvatarFallback>\n              </Avatar>\n              <div className=\"space-y-0.5\">\n                <p className=\"text-sm font-semibold\">{author.name}</p>\n                <p className=\"text-muted-foreground text-xs\">{date}</p>\n              </div>\n            </CardFooter>\n          </Card>\n        ))}\n      </div>\n    </section>\n  )\n}\n",
      "type": "registry:page",
      "target": "app/simple-blog-content/page.tsx"
    }
  ],
  "meta": {
    "iframeHeight": "800px",
    "container": "w-full bg-surface min-h-svh flex px-4 py-12 items-center md:py-20 justify-center min-w-0",
    "mobile": "component"
  },
  "categories": [
    "blog"
  ]
}