{
  "$schema": "https://ui.shadcn.com/schema/registry-item.json",
  "name": "simple-product-details-01",
  "type": "registry:block",
  "description": "Simple product details grid",
  "registryDependencies": [
    "button",
    "card",
    "accordion",
    "badge"
  ],
  "files": [
    {
      "path": "registry/creative-tim/blocks/simple-product-details-01/page.tsx",
      "content": "\"use client\"\n\nimport { useState } from \"react\"\nimport { Heart } from \"lucide-react\"\n\nimport {\n  Accordion,\n  AccordionContent,\n  AccordionItem,\n  AccordionTrigger,\n} from \"@/components/ui/accordion\"\nimport { Badge } from \"@/components/ui/badge\"\nimport { Button } from \"@/components/ui/button\"\nimport { Card, CardContent } from \"@/components/ui/card\"\n\nconst SIZES = [\"XS\", \"S\", \"M\", \"L\", \"XL\", \"XXL\"]\n\nconst SIMILAR_ITEMS = [\n  {\n    name: \"Black Bustier Top\",\n    price: \"€49.95\",\n    image:\n      \"https://images.unsplash.com/photo-1661327930345-9c6714b603b3?auto=format&fit=crop&q=80&w=400&h=400\",\n    sizes: \"Available in 5 size\",\n  },\n  {\n    name: \"Black High-Waist Jeans\",\n    price: \"€49.95\",\n    image:\n      \"https://images.unsplash.com/photo-1578508637199-240a8f25eff6?auto=format&fit=crop&q=80&w=400&h=400\",\n    sizes: \"Available in 8 taille\",\n  },\n]\n\nexport default function SimpleProductDetails01() {\n  const [selectedSize, setSelectedSize] = useState(\"M\")\n  const [isFavorite, setIsFavorite] = useState(false)\n\n  return (\n    <section className=\"py-16\">\n      <div className=\"container mx-auto\">\n        {/* Main Product Section */}\n        <div className=\"mb-16 grid grid-cols-1 items-start gap-x-8 gap-y-10 md:grid-cols-2\">\n          <div className=\"bg-muted/30 h-full max-h-[32rem] w-full overflow-hidden rounded-xl border\">\n            <img\n              alt=\"Pink Blouse\"\n              src=\"https://images.unsplash.com/photo-1574015974293-817f0ebebb74?ixlib=rb-4.1.0&ixid=M3wxMjA3fDB8MHxwaG90by1wYWdlfHx8fGVufDB8fHx8fA%3D%3D&auto=format&fit=crop&q=80&w=973\"\n              className=\"h-full w-full object-cover\"\n            />\n          </div>\n          <div className=\"md:p-2\">\n            <h3 className=\"text-3xl font-bold\">Pink Blouse</h3>\n            <p className=\"text-primary my-4 text-3xl font-bold\">$1,490</p>\n            <p className=\"text-muted-foreground leading-relaxed [text-wrap:_balance]\">\n              Whether you're closing deals or attending formal events, its\n              breathable lining and natural stretch keep you comfortable and\n              sharp from day to night.\n            </p>\n\n            <div className=\"my-6 flex items-center gap-2\">\n              <div className=\"flex\">\n                {[1, 2, 3, 4].map((star) => (\n                  <svg\n                    key={star}\n                    className=\"h-5 w-5 fill-yellow-400\"\n                    viewBox=\"0 0 20 20\"\n                  >\n                    <path d=\"M10 15l-5.878 3.09 1.123-6.545L.489 6.91l6.572-.955L10 0l2.939 5.955 6.572.955-4.756 4.635 1.123 6.545z\" />\n                  </svg>\n                ))}\n                <svg className=\"h-5 w-5 fill-gray-300\" viewBox=\"0 0 20 20\">\n                  <path d=\"M10 15l-5.878 3.09 1.123-6.545L.489 6.91l6.572-.955L10 0l2.939 5.955 6.572.955-4.756 4.635 1.123 6.545z\" />\n                </svg>\n              </div>\n              <p className=\"text-sm font-semibold\">100 Reviews</p>\n            </div>\n\n            <div className=\"mb-6\">\n              <h4 className=\"mb-3 text-lg font-semibold\">Size</h4>\n              <div className=\"flex flex-wrap gap-2\">\n                {SIZES.map((size) => (\n                  <Button\n                    key={size}\n                    variant={selectedSize === size ? \"default\" : \"outline\"}\n                    size=\"sm\"\n                    className=\"min-w-[3rem]\"\n                    onClick={() => setSelectedSize(size)}\n                  >\n                    {size}\n                  </Button>\n                ))}\n              </div>\n            </div>\n\n            <div className=\"mb-6\">\n              <h4 className=\"mb-3 text-lg font-semibold\">Color</h4>\n              <div className=\"flex gap-2\">\n                <div className=\"h-8 w-8 cursor-pointer rounded-full border-2 border-gray-300 bg-black transition-transform hover:scale-110\" />\n                <div className=\"h-8 w-8 cursor-pointer rounded-full border-2 border-gray-300 bg-white transition-transform hover:scale-110\" />\n                <div className=\"h-8 w-8 cursor-pointer rounded-full border-2 border-gray-300 bg-gray-200 transition-transform hover:scale-110\" />\n              </div>\n            </div>\n\n            <div className=\"mt-8 flex items-center gap-3\">\n              <Button className=\"w-full max-w-sm\" size=\"lg\">\n                Add to Cart\n              </Button>\n              <Button\n                variant=\"outline\"\n                size=\"icon\"\n                className={`h-11 w-11 ${\n                  isFavorite\n                    ? \"text-red-500 hover:text-red-600\"\n                    : \"text-muted-foreground hover:text-red-500\"\n                }`}\n                onClick={() => setIsFavorite(!isFavorite)}\n              >\n                <Heart\n                  className={`h-5 w-5 ${isFavorite ? \"fill-current\" : \"\"}`}\n                />\n              </Button>\n            </div>\n          </div>\n        </div>\n\n        {/* More Info & Similar Items Section */}\n        <div className=\"grid grid-cols-1 gap-8 lg:grid-cols-2\">\n          {/* More Info Section */}\n          <div>\n            <h3 className=\"mb-6 text-2xl font-bold\">More Info</h3>\n            <Accordion\n              type=\"single\"\n              collapsible\n              defaultValue=\"description\"\n              className=\"w-full\"\n            >\n              <AccordionItem value=\"description\">\n                <AccordionTrigger className=\"text-base font-semibold\">\n                  Description\n                </AccordionTrigger>\n                <AccordionContent className=\"text-muted-foreground leading-relaxed\">\n                  <p className=\"mb-4\">\n                    Whether you're navigating city streets or embarking on\n                    outdoor adventures, this puffer jacket ensures you stay cozy\n                    and comfortable wherever you go. The versatile black hue\n                    effortlessly complements any outfit, making it a go-to\n                    choice for everyday wear.\n                  </p>\n                  <p>\n                    Equipped with practical features, including a front zipper\n                    closure and zippered pockets, the MidnightShield Jacket\n                    offers convenient storage for your essentials while on the\n                    move. Its adjustable cuffs and hem allow for a customizable\n                    fit, ensuring maximum comfort and versatility.\n                  </p>\n                </AccordionContent>\n              </AccordionItem>\n\n              <AccordionItem value=\"delivery\">\n                <AccordionTrigger className=\"text-base font-semibold\">\n                  Delivery & Returns\n                </AccordionTrigger>\n                <AccordionContent className=\"text-muted-foreground leading-relaxed\">\n                  <p className=\"mb-4\">\n                    <strong>Free Standard Delivery:</strong> Orders over $100\n                    qualify for free standard shipping. Delivery typically takes\n                    3-5 business days.\n                  </p>\n                  <p className=\"mb-4\">\n                    <strong>Express Shipping:</strong> Available at checkout for\n                    faster delivery (1-2 business days).\n                  </p>\n                  <p>\n                    <strong>Returns:</strong> We offer a 30-day return policy.\n                    Items must be in original condition with tags attached. Free\n                    returns for defective items.\n                  </p>\n                </AccordionContent>\n              </AccordionItem>\n\n              <AccordionItem value=\"contact\" className=\"border-b-0\">\n                <AccordionTrigger className=\"text-base font-semibold\">\n                  Contact Us\n                </AccordionTrigger>\n                <AccordionContent className=\"text-muted-foreground leading-relaxed\">\n                  <p className=\"mb-3\">\n                    Have questions about this product? We're here to help!\n                  </p>\n                  <p className=\"mb-2\">\n                    <strong>Email:</strong> support@example.com\n                  </p>\n                  <p className=\"mb-2\">\n                    <strong>Phone:</strong> +1 (555) 123-4567\n                  </p>\n                  <p>\n                    <strong>Hours:</strong> Mon-Fri, 9AM-6PM EST\n                  </p>\n                </AccordionContent>\n              </AccordionItem>\n            </Accordion>\n          </div>\n\n          {/* Similar Items Section */}\n          <div>\n            <h3 className=\"mb-6 text-2xl font-bold\">Similar Items</h3>\n            <div className=\"grid grid-cols-1 gap-6 sm:grid-cols-2\">\n              {SIMILAR_ITEMS.map((item, index) => (\n                <Card\n                  key={index}\n                  className=\"group cursor-pointer overflow-hidden transition-shadow hover:shadow-lg py-0\"\n                >\n                  <CardContent className=\"p-0\">\n                    <div className=\"bg-muted aspect-[4/5] overflow-hidden\">\n                      <img\n                        src={item.image}\n                        alt={item.name}\n                        className=\"h-full w-full object-cover transition-transform duration-300 group-hover:scale-105\"\n                      />\n                    </div>\n                    <div className=\"p-4\">\n                      <h4 className=\"font-semibold tracking-wide uppercase\">\n                        {item.name}\n                      </h4>\n                      <p className=\"mt-2 text-lg font-bold\">{item.price}</p>\n                      <p className=\"text-muted-foreground mt-2 text-sm\">\n                        {item.sizes}\n                      </p>\n                    </div>\n                  </CardContent>\n                </Card>\n              ))}\n            </div>\n          </div>\n        </div>\n      </div>\n    </section>\n  )\n}\n",
      "type": "registry:page",
      "target": "app/simple-product-details/page.tsx"
    }
  ],
  "meta": {
    "iframeHeight": "1800px",
    "container": "w-full bg-surface min-h-svh flex px-4 py-12 items-center md:py-20 justify-center min-w-0",
    "mobile": "component"
  },
  "categories": [
    "ecommerce"
  ]
}