{
  "$schema": "https://ui.shadcn.com/schema/registry-item.json",
  "name": "skeleton",
  "type": "registry:ui",
  "files": [
    {
      "path": "registry/creative-tim/ui/skeleton.tsx",
      "content": "import { cn } from \"@/lib/utils\"\n\nfunction Skeleton({ className, ...props }: React.ComponentProps<\"div\">) {\n  return (\n    <div\n      data-slot=\"skeleton\"\n      className={cn(\"bg-accent animate-pulse rounded-md\", className)}\n      {...props}\n    />\n  )\n}\n\nexport { Skeleton }\n",
      "type": "registry:ui"
    }
  ]
}