{
  "$schema": "https://ui.shadcn.com/schema/registry-item.json",
  "name": "sonner",
  "type": "registry:ui",
  "dependencies": [
    "sonner"
  ],
  "files": [
    {
      "path": "registry/creative-tim/ui/sonner.tsx",
      "content": "\"use client\"\n\nimport { useTheme } from \"next-themes\"\nimport { Toaster as Sonner, ToasterProps } from \"sonner\"\n\nconst Toaster = ({ ...props }: ToasterProps) => {\n  const { theme = \"system\" } = useTheme()\n\n  return (\n    <Sonner\n      theme={theme as ToasterProps[\"theme\"]}\n      className=\"toaster group\"\n      style={\n        {\n          \"--normal-bg\": \"var(--popover)\",\n          \"--normal-text\": \"var(--popover-foreground)\",\n          \"--normal-border\": \"var(--border)\",\n        } as React.CSSProperties\n      }\n      {...props}\n    />\n  )\n}\n\nexport { Toaster }\n",
      "type": "registry:ui"
    }
  ]
}