{
  "$schema": "https://ui.shadcn.com/schema/registry-item.json",
  "name": "switch",
  "type": "registry:ui",
  "dependencies": [
    "@radix-ui/react-switch"
  ],
  "files": [
    {
      "path": "registry/creative-tim/ui/switch.tsx",
      "content": "\"use client\"\n\nimport * as React from \"react\"\nimport * as SwitchPrimitive from \"@radix-ui/react-switch\"\n\nimport { cn } from \"@/lib/utils\"\n\nfunction Switch({\n  className,\n  ...props\n}: React.ComponentProps<typeof SwitchPrimitive.Root>) {\n  return (\n    <SwitchPrimitive.Root\n      data-slot=\"switch\"\n      className={cn(\n        \"peer data-[state=checked]:bg-primary data-[state=unchecked]:bg-input focus-visible:border-ring focus-visible:ring-ring/50 dark:data-[state=unchecked]:bg-input/80 inline-flex h-[1.15rem] w-8 shrink-0 items-center rounded-full border border-transparent shadow-xs transition-all outline-none focus-visible:ring-[3px] disabled:cursor-not-allowed disabled:opacity-50\",\n        className\n      )}\n      {...props}\n    >\n      <SwitchPrimitive.Thumb\n        data-slot=\"switch-thumb\"\n        className={cn(\n          \"bg-background dark:data-[state=unchecked]:bg-foreground dark:data-[state=checked]:bg-primary-foreground pointer-events-none block size-4 rounded-full ring-0 transition-transform data-[state=checked]:translate-x-[calc(100%-2px)] data-[state=unchecked]:translate-x-0\"\n        )}\n      />\n    </SwitchPrimitive.Root>\n  )\n}\n\nexport { Switch }\n",
      "type": "registry:ui"
    }
  ]
}