{
  "$schema": "https://ui.shadcn.com/schema/registry-item.json",
  "name": "testimonials-14",
  "type": "registry:block",
  "description": "Light testimonials with card shadow",
  "registryDependencies": [
    "avatar",
    "card"
  ],
  "files": [
    {
      "path": "registry/creative-tim/blocks/testimonials-14/page.tsx",
      "content": "\"use client\"\n\nimport { Avatar, AvatarFallback, AvatarImage } from \"@/components/ui/avatar\"\nimport { Card, CardContent } from \"@/components/ui/card\"\n\nconst TESTIMONIALS = [\n  {\n    image: \"https://images.unsplash.com/photo-1641906840000-4b88f1d44de6?auto=format&fit=crop&q=80&w=400&h=400\",\n    name: \"Jessica Devis\",\n    role: \"CEO @ Marketing Digital LTD\",\n    quote:\n      \"The connections you make at Web Summit are unparalleled, we met users all over the world.\",\n  },\n  {\n    image: \"https://images.unsplash.com/photo-1716662318479-a9c0f1cd1a0e?auto=format&fit=crop&q=80&w=400&h=400\",\n    name: \"Mary Joshiash\",\n    role: \"Marketing @ Apple INC\",\n    quote:\n      \"Web Summit will increase your appetite, your inspiration, your skills, your motivation and your network.\",\n  },\n  {\n    image: \"https://images.unsplash.com/photo-1641906840000-4b88f1d44de6?auto=format&fit=crop&q=80&w=400&h=400\",\n    name: \"Marcell Glock\",\n    role: \"CFO @ Apple INC\",\n    quote:\n      \"The pessimist complains about the wind; the optimist expects it to change; the realist adjusts the sails.\",\n  },\n]\n\nexport default function TestimonialsBlock() {\n  return (\n    <section className=\"py-16\">\n      <div className=\"container mx-auto px-4\">\n        <div className=\"mb-16 text-center\">\n          <h2 className=\"mb-4 text-center text-3xl font-bold\">\n            Think about us\n          </h2>\n          <p className=\"text-muted-foreground mx-auto max-w-lg text-center text-lg\">\n            That&apos;s the main thing people are controlled by! Thoughts -\n            their perception of themselves!\n          </p>\n        </div>\n        <div className=\"grid grid-cols-1 gap-12 md:grid-cols-2 lg:grid-cols-3\">\n          {TESTIMONIALS.map(({ name, image, role, quote }, key) => (\n            <Card key={key}>\n              <CardContent className=\"p-6 text-center\">\n                <Avatar className=\"mx-auto mb-6 h-24 w-24\">\n                  <AvatarImage src={image} alt={`${name} image`} />\n                  <AvatarFallback>\n                    {name\n                      .split(\" \")\n                      .map((n) => n[0])\n                      .join(\"\")}\n                  </AvatarFallback>\n                </Avatar>\n                <p className=\"mb-1 text-lg font-semibold\">{name}</p>\n                <p className=\"text-muted-foreground mb-4 text-sm\">{role}</p>\n                <blockquote className=\"text-muted-foreground mx-auto max-w-lg\">\n                  &quot;{quote}&quot;\n                </blockquote>\n              </CardContent>\n            </Card>\n          ))}\n        </div>\n      </div>\n    </section>\n  )\n}\n",
      "type": "registry:page",
      "target": "app/testimonials-14/page.tsx"
    }
  ],
  "meta": {
    "iframeHeight": "700px",
    "container": "w-full bg-surface",
    "mobile": "component"
  },
  "categories": [
    "testimonials"
  ]
}