{
  "$schema": "https://ui.shadcn.com/schema/registry-item.json",
  "name": "testimonials-03",
  "type": "registry:block",
  "description": "Testimonial with statistics and metrics",
  "registryDependencies": [
    "card"
  ],
  "files": [
    {
      "path": "registry/creative-tim/blocks/testimonials-03/page.tsx",
      "content": "\"use client\"\n\nimport { Quote, Star } from \"lucide-react\"\n\nimport { Avatar, AvatarFallback, AvatarImage } from \"@/components/ui/avatar\"\nimport { Card, CardContent } from \"@/components/ui/card\"\n\nconst testimonials = [\n  {\n    name: \"Sarah Johnson\",\n    role: \"Product Designer\",\n    image:\n      \"https://images.unsplash.com/photo-1716662318479-a9c0f1cd1a0e?auto=format&fit=crop&q=80&w=400&h=400\",\n    quote:\n      \"The attention to detail and user experience is exceptional. This has transformed how we approach design decisions in our team.\",\n    rating: 5,\n  },\n  {\n    name: \"Michael Chen\",\n    role: \"Tech Lead\",\n    image:\n      \"https://images.unsplash.com/photo-1623853434105-8e7a72898180?auto=format&fit=crop&q=80&w=400&h=400\",\n    quote:\n      \"Outstanding component library that saves us countless hours. The quality and customization options are exactly what we needed.\",\n    rating: 5,\n  },\n  {\n    name: \"Emma Rodriguez\",\n    role: \"Frontend Developer\",\n    image:\n      \"https://images.unsplash.com/photo-1641906840000-4b88f1d44de6?auto=format&fit=crop&q=80&w=400&h=400\",\n    quote:\n      \"A game-changer for rapid prototyping and production builds. The documentation is clear and the components are production-ready.\",\n    rating: 5,\n  },\n]\n\nexport default function TestimonialsBlock() {\n  return (\n    <section className=\"py-20\">\n      <div className=\"container mx-auto px-4\">\n        <div className=\"mb-12 text-center\">\n          <h2 className=\"mb-4 text-3xl font-bold md:text-4xl\">\n            Loved by Developers & Designers\n          </h2>\n          <p className=\"text-muted-foreground mx-auto max-w-2xl text-lg\">\n            Join thousands of professionals who trust our components for their\n            projects\n          </p>\n        </div>\n\n        <div className=\"mb-12 flex flex-wrap items-center justify-center gap-8 text-center md:gap-12\">\n          <div>\n            <p className=\"text-3xl font-bold\">1,679,700+</p>\n            <p className=\"text-muted-foreground text-sm\">Active Users</p>\n          </div>\n          <div className=\"bg-border hidden h-12 w-px md:block\"></div>\n          <div>\n            <p className=\"text-3xl font-bold\">4.9/5</p>\n            <p className=\"text-muted-foreground text-sm\">Average Rating</p>\n          </div>\n          <div className=\"bg-border hidden h-12 w-px md:block\"></div>\n          <div>\n            <p className=\"text-3xl font-bold\">50K+</p>\n            <p className=\"text-muted-foreground text-sm\">Companies</p>\n          </div>\n        </div>\n\n        <div className=\"grid gap-6 md:grid-cols-2 lg:grid-cols-3\">\n          {testimonials.map((testimonial, index) => (\n            <Card\n              key={index}\n              className=\"border-border/50 hover:border-border transition-all hover:shadow-lg\"\n            >\n              <CardContent className=\"p-6\">\n                <div className=\"mb-4 flex items-center gap-1\">\n                  {Array.from({ length: testimonial.rating }).map((_, i) => (\n                    <Star\n                      key={i}\n                      className=\"h-4 w-4 fill-yellow-400 text-yellow-400\"\n                    />\n                  ))}\n                </div>\n\n                <Quote className=\"text-muted-foreground/30 mb-3 h-8 w-8\" />\n\n                <blockquote className=\"text-foreground/90 mb-6 text-sm leading-relaxed\">\n                  {testimonial.quote}\n                </blockquote>\n\n                <div className=\"flex items-center gap-3\">\n                  <Avatar className=\"border-border h-12 w-12 border-2\">\n                    <AvatarImage\n                      src={testimonial.image}\n                      alt={testimonial.name}\n                    />\n                    <AvatarFallback>\n                      {testimonial.name\n                        .split(\" \")\n                        .map((n) => n[0])\n                        .join(\"\")}\n                    </AvatarFallback>\n                  </Avatar>\n                  <div>\n                    <p className=\"text-foreground font-semibold\">\n                      {testimonial.name}\n                    </p>\n                    <p className=\"text-muted-foreground text-sm\">\n                      {testimonial.role}\n                    </p>\n                  </div>\n                </div>\n              </CardContent>\n            </Card>\n          ))}\n        </div>\n      </div>\n    </section>\n  )\n}\n",
      "type": "registry:page",
      "target": "app/testimonials-03/page.tsx"
    }
  ],
  "meta": {
    "iframeHeight": "500px",
    "container": "w-full bg-surface",
    "mobile": "component",
    "private": true
  },
  "categories": [
    "testimonials"
  ]
}