{
  "$schema": "https://ui.shadcn.com/schema/registry-item.json",
  "name": "testimonials-08",
  "type": "registry:block",
  "description": "Light testimonials with star ratings",
  "registryDependencies": [
    "avatar",
    "card"
  ],
  "files": [
    {
      "path": "registry/creative-tim/blocks/testimonials-08/page.tsx",
      "content": "\"use client\"\n\nimport { Quote, Star } from \"lucide-react\"\n\nimport { Avatar, AvatarFallback, AvatarImage } from \"@/components/ui/avatar\"\nimport { Card, CardContent } from \"@/components/ui/card\"\n\nconst TESTIMONIALS = [\n  {\n    image:\n      \"https://images.unsplash.com/photo-1716662318479-a9c0f1cd1a0e?auto=format&fit=crop&q=80&w=400&h=400\",\n    name: \"Sarah Johnson\",\n    role: \"Product Designer\",\n    quote:\n      \"These components have transformed our design workflow. The quality and attention to detail are exceptional, making it easy to build beautiful interfaces quickly.\",\n    rating: 5,\n  },\n  {\n    image:\n      \"https://images.unsplash.com/photo-1623853434105-8e7a72898180?auto=format&fit=crop&q=80&w=400&h=400\",\n    name: \"Michael Chen\",\n    role: \"Tech Lead at Stripe\",\n    quote:\n      \"Outstanding component library with excellent TypeScript support. The documentation is clear and the components integrate seamlessly into our enterprise applications.\",\n    rating: 5,\n  },\n  {\n    image:\n      \"https://images.unsplash.com/photo-1641906840000-4b88f1d44de6?auto=format&fit=crop&q=80&w=400&h=400\",\n    name: \"Emma Rodriguez\",\n    role: \"Frontend Developer\",\n    quote:\n      \"Production-ready components that save countless hours. The customization options are fantastic and the design system is incredibly cohesive. Highly recommend!\",\n    rating: 5,\n  },\n]\n\nexport default function TestimonialsBlock() {\n  return (\n    <section className=\"py-20\">\n      <div className=\"container mx-auto px-4\">\n        <div className=\"mb-16 text-center\">\n          <h2 className=\"mb-4 text-3xl font-bold md:text-4xl\">\n            What Developers Say\n          </h2>\n          <p className=\"text-muted-foreground mx-auto max-w-2xl text-lg\">\n            Join thousands of developers building exceptional products with our\n            component library\n          </p>\n        </div>\n        <div className=\"grid grid-cols-1 gap-8 md:grid-cols-2 lg:grid-cols-3\">\n          {TESTIMONIALS.map(({ name, image, role, quote, rating }, key) => (\n            <Card\n              key={key}\n              className=\"group border-0 bg-transparent shadow-none\"\n            >\n              <CardContent className=\"p-0 text-center\">\n                <div className=\"relative mx-auto mb-6 inline-block\">\n                  <Avatar className=\"border-border h-24 w-24 border-4 transition-transform group-hover:scale-105\">\n                    <AvatarImage src={image} alt={`${name} profile`} />\n                    <AvatarFallback>\n                      {name\n                        .split(\" \")\n                        .map((n) => n[0])\n                        .join(\"\")}\n                    </AvatarFallback>\n                  </Avatar>\n                  <div className=\"bg-primary absolute -right-2 -bottom-2 rounded-full p-2 shadow-lg\">\n                    <Quote className=\"text-primary-foreground h-3 w-3\" />\n                  </div>\n                </div>\n\n                <h3 className=\"mb-1 text-lg font-semibold\">{name}</h3>\n                <p className=\"text-muted-foreground mb-6 text-sm\">{role}</p>\n\n                <div className=\"mb-6 flex items-center justify-center gap-1\">\n                  {Array.from({ length: 5 }).map((_, i) => (\n                    <Star\n                      key={i}\n                      className={`h-4 w-4 ${\n                        i < rating\n                          ? \"fill-yellow-400 text-yellow-400\"\n                          : \"fill-muted text-muted\"\n                      }`}\n                    />\n                  ))}\n                </div>\n\n                <blockquote className=\"text-muted-foreground mx-auto max-w-sm text-sm leading-relaxed\">\n                  &quot;{quote}&quot;\n                </blockquote>\n              </CardContent>\n            </Card>\n          ))}\n        </div>\n      </div>\n    </section>\n  )\n}\n",
      "type": "registry:page",
      "target": "app/testimonials-08/page.tsx"
    }
  ],
  "meta": {
    "iframeHeight": "700px",
    "container": "w-full bg-surface",
    "mobile": "component"
  },
  "categories": [
    "testimonials"
  ]
}