{
  "$schema": "https://ui.shadcn.com/schema/registry-item.json",
  "name": "testimonials-13",
  "type": "registry:block",
  "description": "Dark card testimonial with rounded avatar",
  "registryDependencies": [
    "avatar",
    "card"
  ],
  "files": [
    {
      "path": "registry/creative-tim/blocks/testimonials-13/page.tsx",
      "content": "\"use client\"\n\nimport { Avatar, AvatarFallback, AvatarImage } from \"@/components/ui/avatar\"\nimport { Card, CardContent } from \"@/components/ui/card\"\n\nexport default function TestimonialsBlock() {\n  return (\n    <section className=\"py-16\">\n      <div className=\"container mx-auto px-4\">\n        <Card className=\"rounded-xl bg-black text-white\">\n          <CardContent className=\"grid w-full grid-cols-1 items-center gap-8 p-10 md:grid-cols-12\">\n            <div className=\"col-span-full text-center md:col-span-8 md:pl-4 md:text-left\">\n              <img\n                src=\"https://v3.material-tailwind.com/logo/spotify.svg\"\n                alt=\"spotify logo\"\n                className=\"mr-auto mb-2 ml-auto w-32 md:mr-0 md:-ml-3\"\n              />\n              <blockquote className=\"mb-12 text-2xl !leading-snug\">\n                &quot;We&apos;re not always in the position that we want to be\n                at. We&apos;re constantly growing. We&apos;re constantly making\n                mistakes. We&apos;re constantly trying to express ourselves and\n                actualize our dreams. &quot;\n              </blockquote>\n              <div>\n                <p className=\"mb-1 text-xl font-semibold\">Marcell Glock</p>\n                <p className=\"text-white/80\">Chief Executive, Spotify</p>\n              </div>\n            </div>\n            <div className=\"col-span-full grid justify-items-center md:col-span-4 md:justify-items-end\">\n              <Avatar className=\"h-24 w-24 md:h-64 md:w-64\">\n                <AvatarImage\n                  src=\"https://images.unsplash.com/photo-1623853434105-8e7a72898180?auto=format&fit=crop&q=80&w=400&h=400\"\n                  alt=\"user profile\"\n                />\n                <AvatarFallback>MG</AvatarFallback>\n              </Avatar>\n            </div>\n          </CardContent>\n        </Card>\n      </div>\n    </section>\n  )\n}\n",
      "type": "registry:page",
      "target": "app/testimonials-13/page.tsx"
    }
  ],
  "meta": {
    "iframeHeight": "500px",
    "container": "w-full bg-surface",
    "mobile": "component"
  },
  "categories": [
    "testimonials"
  ]
}