{
  "$schema": "https://ui.shadcn.com/schema/registry-item.json",
  "name": "transaction-history-01",
  "type": "registry:block",
  "description": "Financial transaction history with trend indicators",
  "dependencies": [
    "date-fns"
  ],
  "registryDependencies": [
    "button",
    "calendar",
    "card",
    "popover"
  ],
  "files": [
    {
      "path": "registry/creative-tim/blocks/transaction-history-01/page.tsx",
      "content": "\"use client\"\n\nimport * as React from \"react\"\nimport { format } from \"date-fns\"\nimport { CalendarIcon, ChevronDown, ChevronUp, Clock } from \"lucide-react\"\n\nimport { cn } from \"@/lib/utils\"\nimport { Button } from \"@/components/ui/button\"\nimport { Calendar } from \"@/components/ui/calendar\"\nimport { Card } from \"@/components/ui/card\"\nimport {\n  Popover,\n  PopoverContent,\n  PopoverTrigger,\n} from \"@/components/ui/popover\"\n\nconst DATA = {\n  \"March 2023\": [\n    {\n      name: \"Netflix\",\n      date: \"27 March 2026, at 12:30 PM\",\n      value: 2500,\n      status: \"decreasing\" as const,\n    },\n    {\n      name: \"Apple\",\n      date: \"27 March 2026, at 04:30 AM\",\n      value: 2000,\n      status: \"increasing\" as const,\n    },\n  ],\n  \"February 2023\": [\n    {\n      name: \"Stripe\",\n      date: \"26 March 2026, at 13:45 PM\",\n      value: 2500,\n      status: \"decreasing\" as const,\n    },\n    {\n      name: \"HubSpot\",\n      date: \"26 March 2023, at 12:30 PM\",\n      value: 750,\n      status: \"increasing\" as const,\n    },\n    {\n      name: \"Figma\",\n      date: \"26 March 2023, at 08:30 AM\",\n      value: 1400,\n      status: \"increasing\" as const,\n    },\n    {\n      name: \"Webflow\",\n      date: \"26 March 2023, at 05:00 AM\",\n      value: 0,\n      status: \"pending\" as const,\n    },\n  ],\n}\n\nconst ICONS = {\n  increasing: ChevronUp,\n  decreasing: ChevronDown,\n  pending: Clock,\n}\n\nconst COLORS = {\n  increasing: \"text-green-600\",\n  decreasing: \"text-red-600\",\n  pending: \"text-muted-foreground\",\n}\n\nconst ICON_COLORS = {\n  increasing: \"text-green-600\",\n  decreasing: \"text-red-600\",\n  pending: \"text-black dark:text-white\",\n}\n\nconst PREFIX = {\n  increasing: \"+\",\n  decreasing: \"-\",\n  pending: \"\",\n}\n\nexport default function TransactionHistory01() {\n  const [date, setDate] = React.useState<Date>(new Date(2024, 9, 10))\n\n  return (\n    <div className=\"mx-auto max-w-xl p-6\">\n      <div className=\"dark:bg-card rounded-xl border bg-white p-6 shadow-sm\">\n        <div className=\"flex flex-wrap items-start justify-between gap-4\">\n          <div>\n            <h2 className=\"font-semibold\">History Transactions</h2>\n            <p className=\"text-muted-foreground text-sm\">\n              Track and monitor your financial activity.\n            </p>\n          </div>\n          <Popover>\n            <PopoverTrigger asChild>\n              <Button\n                variant=\"outline\"\n                className={cn(\n                  \"w-full justify-start text-left font-normal sm:w-48\",\n                  !date && \"text-muted-foreground\"\n                )}\n              >\n                <CalendarIcon className=\"mr-2 h-4 w-4\" />\n                {date ? format(date, \"PPP\") : <span>Pick a date</span>}\n              </Button>\n            </PopoverTrigger>\n            <PopoverContent className=\"w-auto p-0\" align=\"start\">\n              <Calendar\n                mode=\"single\"\n                selected={date}\n                onSelect={(day) => day && setDate(day)}\n                initialFocus\n              />\n            </PopoverContent>\n          </Popover>\n        </div>\n        <div className=\"mt-6\">\n          {(Object.keys(DATA) as Array<keyof typeof DATA>).map((month, key) => {\n            return (\n              <div key={key} className=\"mb-6 last:mb-0\">\n                <p className=\"text-muted-foreground mb-2 ml-2.5 font-semibold\">\n                  {month}\n                </p>\n                <div className=\"space-y-2\">\n                  {DATA[month].map(({ name, value, date, status }) => {\n                    const Icon = ICONS[status]\n\n                    return (\n                      <div\n                        key={name}\n                        className=\"flex items-center gap-4 rounded-lg border p-4\"\n                      >\n                        <div className=\"bg-card text-card-foreground hidden h-12 w-12 shrink-0 items-center justify-center rounded-xl border shadow-sm sm:flex\">\n                          <Icon\n                            className={cn(\"h-5 w-5\", ICON_COLORS[status])}\n                          />\n                        </div>\n                        <div className=\"mx-0 space-y-0.5 sm:mx-2\">\n                          <p className=\"font-semibold\">{name}</p>\n                          <p className=\"text-muted-foreground text-sm\">\n                            {date}\n                          </p>\n                        </div>\n                        <p\n                          className={cn(\n                            \"mx-2 ml-auto text-sm font-semibold\",\n                            COLORS[status]\n                          )}\n                        >\n                          {PREFIX[status]}{\" \"}\n                          {value\n                            ? new Intl.NumberFormat(\"en-US\", {\n                                style: \"currency\",\n                                currency: \"USD\",\n                              }).format(value)\n                            : \"Pending\"}\n                        </p>\n                      </div>\n                    )\n                  })}\n                </div>\n              </div>\n            )\n          })}\n        </div>\n      </div>\n    </div>\n  )\n}\n",
      "type": "registry:page",
      "target": "app/transaction-history/page.tsx"
    }
  ],
  "meta": {
    "iframeHeight": "800px",
    "container": "w-full bg-surface min-h-svh flex px-4 py-12 items-center md:py-20 justify-center min-w-0",
    "mobile": "component",
    "details": "Provides a detailed record of financial transactions with various service providers, featuring trend arrows indicating whether values are up or down. Built with shadcn/ui Button, Calendar, Card, and Popover components for an interactive filtering experience. Includes date range selection for easy transaction filtering. Ideal for billing dashboards, financial reports, and transaction monitoring interfaces."
  },
  "categories": [
    "billing"
  ]
}