{
  "$schema": "https://ui.shadcn.com/schema/registry-item.json",
  "name": "web3-02",
  "type": "registry:block",
  "description": "NFT creator profile with collection gallery",
  "registryDependencies": [
    "avatar",
    "badge",
    "button",
    "card"
  ],
  "files": [
    {
      "path": "registry/creative-tim/blocks/web3-02/page.tsx",
      "content": "\"use client\"\n\nimport { Grid3x3, Heart, Menu } from \"lucide-react\"\n\nimport { Avatar, AvatarFallback, AvatarImage } from \"@/components/ui/avatar\"\nimport { Badge } from \"@/components/ui/badge\"\nimport { Button } from \"@/components/ui/button\"\nimport { Card, CardContent, CardHeader } from \"@/components/ui/card\"\n\nconst DATA = [\n  {\n    img: \"https://v3.material-tailwind.com/nft-1.svg\",\n    name: \"@thedreamytrees\",\n    tokenId: \"876\",\n    price: \"1,6 ETH\",\n  },\n  {\n    img: \"https://v3.material-tailwind.com/nft-2.svg\",\n    name: \"@lindemichael\",\n    tokenId: \"877\",\n    price: \"0,9 ETH\",\n  },\n  {\n    img: \"https://v3.material-tailwind.com/nft-3.svg\",\n    name: \"@mishastam\",\n    tokenId: \"878\",\n    price: \"1,3 ETH\",\n  },\n]\n\nexport default function Web302() {\n  return (\n    <section className=\"container mx-auto py-16\">\n      <Card className=\"border shadow-sm\">\n        <CardHeader className=\"flex flex-row flex-wrap items-start justify-between gap-6 p-6\">\n          <div>\n            <Avatar className=\"h-10 w-10\">\n              <AvatarImage\n                src=\"https://images.unsplash.com/photo-1623853434105-8e7a72898180?auto=format&fit=crop&q=80&w=400&h=400\"\n                alt=\"emma\"\n              />\n              <AvatarFallback>EM</AvatarFallback>\n            </Avatar>\n            <h1 className=\"mt-4 mb-1 flex items-center gap-2 text-2xl font-bold\">\n              Emma\n              <Badge\n                variant=\"outline\"\n                className=\"border-blue-500 text-blue-500\"\n              >\n                ✓\n              </Badge>\n            </h1>\n            <p className=\"text-muted-foreground text-lg\">130 Collections</p>\n          </div>\n          <div className=\"flex items-center gap-2\">\n            <Button variant=\"outline\" size=\"icon\">\n              <Menu className=\"h-4 w-4\" />\n            </Button>\n            <Button variant=\"outline\" size=\"icon\">\n              <Grid3x3 className=\"h-4 w-4\" />\n            </Button>\n            <Button>Follow Me</Button>\n          </div>\n        </CardHeader>\n        <CardContent className=\"grid grid-cols-1 gap-6 p-6 sm:grid-cols-2 lg:grid-cols-3\">\n          {DATA.map(({ img, name, tokenId, price }, key) => (\n            <Card key={key}>\n              <CardHeader className=\"relative p-4\">\n                <img\n                  src={img}\n                  alt={name}\n                  className=\"h-72 w-full rounded-md object-cover object-center\"\n                />\n                <div className=\"absolute top-6 right-6 flex items-center gap-2\">\n                  <Badge\n                    variant=\"secondary\"\n                    className=\"border-white/50 bg-white/70 text-black backdrop-blur\"\n                  >\n                    Auction ends in 23h:03m:33s\n                  </Badge>\n                  <Button\n                    size=\"icon\"\n                    variant=\"secondary\"\n                    className=\"h-7 w-7 bg-white text-black hover:bg-white\"\n                  >\n                    <Heart className=\"h-3.5 w-3.5\" />\n                  </Button>\n                </div>\n              </CardHeader>\n              <CardContent className=\"px-4 pt-0 pb-4\">\n                <div className=\"mb-2 flex items-center justify-between gap-4\">\n                  <p className=\"text-muted-foreground text-sm\">\n                    Cosmic creatures\n                  </p>\n                  <div className=\"flex items-center gap-1\">\n                    <p className=\"text-muted-foreground text-sm\">Current bid</p>\n                    <div className=\"flex gap-1\">\n                      <img\n                        src=\"https://v3.material-tailwind.com/icon/eth.svg\"\n                        alt=\"ethereum\"\n                        className=\"h-4 w-4\"\n                      />\n                      <p className=\"text-sm font-semibold\">{price}</p>\n                    </div>\n                  </div>\n                </div>\n                <div className=\"flex items-center justify-between gap-4\">\n                  <h3 className=\"text-lg font-semibold\">Picture #{tokenId}</h3>\n                  <Button size=\"sm\">Place a Bid</Button>\n                </div>\n              </CardContent>\n            </Card>\n          ))}\n        </CardContent>\n      </Card>\n    </section>\n  )\n}\n",
      "type": "registry:page",
      "target": "app/web3-02/page.tsx"
    }
  ],
  "meta": {
    "iframeHeight": "1100px",
    "container": "w-full bg-surface min-h-svh flex px-4 py-12 items-center md:py-20 justify-center min-w-0",
    "mobile": "component"
  },
  "categories": [
    "web3"
  ]
}